Player Name,Age,Team Name,Market Value
Victor Osimhen,25,Galatasaray,75.00 mil. €
Youssef En-Nesyri,27,Fenerbahçe,22.00 mil. €
Sofyan Amrabat,28,Fenerbahçe,22.00 mil. €
Barış Alper Yılmaz,24,Galatasaray,21.00 mil. €
Gabriel Sara,25,Galatasaray,20.00 mil. €
Sebastian Szymański,25,Fenerbahçe,19.00 mil. €
Allan Saint-Maximin,27,Fenerbahçe,18.00 mil. €
Davinson Sánchez,28,Galatasaray,18.00 mil. €
Gedson Fernandes,25,Beşiktaş JK,17.00 mil. €
Simon Banza,28,Trabzonspor,16.00 mil. €
Victor Nelsson,26,Galatasaray,16.00 mil. €
Jayden Oosterwolde,23,Fenerbahçe,15.00 mil. €
Mauro Icardi,31,Galatasaray,15.00 mil. €
Semih Kılıçsoy,19,Beşiktaş JK,15.00 mil. €
Lucas Torreira,28,Galatasaray,15.00 mil. €
Fred,31,Fenerbahçe,15.00 mil. €
Rafa,31,Beşiktaş JK,14.00 mil. €
İsmail Yüksek,25,Fenerbahçe,14.00 mil. €
Roland Sallai,27,Galatasaray,14.00 mil. €
Moatasem Al-Musrati,28,Beşiktaş JK,13.00 mil. €
Ernest Muci,23,Beşiktaş JK,12.00 mil. €
Dominik Livakovic,29,Fenerbahçe,11.00 mil. €
Cengiz Ünder,27,Fenerbahçe,10.00 mil. €
İrfan Can Kahveci,29,Fenerbahçe,10.00 mil. €
David Datro Fofana,21,Göztepe,10.00 mil. €
Cengiz Ünder,27,Fenerbahçe,10.00 mil. €
Alexander Djiku,30,Fenerbahçe,9.00 mil. €
Çağlar Söyüncü,28,Fenerbahçe,9.00 mil. €
Uğurcan Çakır,28,Trabzonspor,8.50 mil. €
Felix Uduokhai,27,Beşiktaş JK,8.50 mil. €
Elias Jelert,21,Galatasaray,8.00 mil. €
Ismail Jakobs,25,Galatasaray,8.00 mil. €
Michy Batshuayi,31,Galatasaray,8.00 mil. €
Milot Rashica,28,Beşiktaş JK,8.00 mil. €
Rodrigo Becão,28,Fenerbahçe,8.00 mil. €
Bright Osayi-Samuel,26,Fenerbahçe,8.00 mil. €
Abdülkerim Bardakcı,30,Galatasaray,7.50 mil. €
Hakim Ziyech,31,Galatasaray,7.00 mil. €
Mert Müldür,25,Fenerbahçe,7.00 mil. €
Filip Kostić,32,Fenerbahçe,6.50 mil. €
Yunus Akgün,24,Galatasaray,6.50 mil. €
Muhammed Cham,24,Trabzonspor,6.00 mil. €
Enis Bardhi,29,Trabzonspor,6.00 mil. €
Krzysztof Piatek,29,İstanbul Başakşehir FK,6.00 mil. €
Amir Hadziahmetovic,27,Çaykur Rizespor,6.00 mil. €
Berat Özdemir,26,İstanbul Başakşehir FK,5.50 mil. €
Oğuz Aydın,24,Fenerbahçe,5.50 mil. €
Victor Hugo,20,Göztepe,5.00 mil. €
Pedro Malheiro,23,Trabzonspor,5.00 mil. €
Rey Manaj,27,Sivasspor,5.00 mil. €
Emirhan Topçu,24,Beşiktaş JK,5.00 mil. €
Kaan Ayhan,30,Galatasaray,4.80 mil. €
Enis Destan,22,Trabzonspor,4.60 mil. €
Kacper Kozlowski,21,Gaziantep FK,4.50 mil. €
Yusuf Sarı,26,Adana Demirspor,4.50 mil. €
Yasin Özcan,18,Kasımpaşa,4.50 mil. €
Kerem Demirbay,31,Galatasaray,4.40 mil. €
Eren Elmalı,24,Trabzonspor,4.00 mil. €
Denis Drăguș,25,Trabzonspor,4.00 mil. €
John Lundstram,30,Trabzonspor,4.00 mil. €
Arbnor Muja,26,Samsunspor,4.00 mil. €
Berkay Özcan,26,İstanbul Başakşehir FK,4.00 mil. €
Cher Ndour,20,Beşiktaş JK,4.00 mil. €
Bakhtiyor Zaynutdinov,26,Beşiktaş JK,4.00 mil. €
Arthur Masuaku,31,Beşiktaş JK,4.00 mil. €
Antonín Barák,30,Kasımpaşa,3.90 mil. €
Riechedly Bazoer,28,Konyaspor,3.80 mil. €
Berkan Kutlu,26,Galatasaray,3.80 mil. €
João Mário,31,Beşiktaş JK,3.80 mil. €
Ciro Immobile,34,Beşiktaş JK,3.80 mil. €
Jean Onana,24,Beşiktaş JK,3.70 mil. €
Salih Uçan,30,Beşiktaş JK,3.60 mil. €
Cihan Çanak,19,Trabzonspor,3.50 mil. €
Serdar Saatçı,21,Trabzonspor,3.50 mil. €
Taulant Seferi,28,Bodrum FK,3.50 mil. €
Andreaw Gravillon,26,Adana Demirspor,3.50 mil. €
Miguel Crespo,28,İstanbul Başakşehir FK,3.50 mil. €
Léo Duarte,28,İstanbul Başakşehir FK,3.30 mil. €
Dusan Tadic,36,Fenerbahçe,3.20 mil. €
Carlo Holse,25,Samsunspor,3.20 mil. €
Josip Brekalo,26,Kasımpaşa,3.20 mil. €
Taha Altıkardeş,21,Göztepe,3.10 mil. €
Jakub Kaluzinski,22,Antalyaspor,3.00 mil. €
Moussa Djenepo,26,Antalyaspor,3.00 mil. €
Ozan Tufan,29,Trabzonspor,3.00 mil. €
Okay Yokuşlu,30,Trabzonspor,3.00 mil. €
Borna Barisic,32,Trabzonspor,3.00 mil. €
Léo Dubois,30,Eyüpspor,3.00 mil. €
Ivo Grbic,28,Çaykur Rizespor,3.00 mil. €
Alex Oxlade-Chamberlain,31,Beşiktaş JK,3.00 mil. €
Arseniy Batagov,22,Trabzonspor,2.80 mil. €
Nabil Alioui,25,Adana Demirspor,2.80 mil. €
Vincent Aboubakar,32,Hatayspor,2.80 mil. €
Tayyip Talha Sanuç,25,Beşiktaş JK,2.80 mil. €
Umut Güneş,24,Trabzonspor,2.70 mil. €
Olivier Ntcham,28,Samsunspor,2.70 mil. €
João Figueiredo,28,İstanbul Başakşehir FK,2.70 mil. €
Mame Thiam,32,Eyüpspor,2.70 mil. €
Rômulo,22,Göztepe,2.60 mil. €
Stefano Denswil,31,Trabzonspor,2.60 mil. €
Jerome Opoku,26,İstanbul Başakşehir FK,2.60 mil. €
Ousseynou Ba,29,İstanbul Başakşehir FK,2.60 mil. €
Dal Varesanovic,23,Çaykur Rizespor,2.60 mil. €
Yusuf Özdemir,23,Alanyaspor,2.60 mil. €
Gaius Makouta,27,Alanyaspor,2.60 mil. €
Levent Mercan,24,Fenerbahçe,2.60 mil. €
Edin Dzeko,38,Fenerbahçe,2.50 mil. €
Bünyamin Balcı,24,Antalyaspor,2.50 mil. €
Samuel Moutoussamy,28,Sivasspor,2.50 mil. €
Gökdeniz Bayrakdar,23,Bodrum FK,2.50 mil. €
Bilal Bayazıt,25,Kayserispor,2.50 mil. €
Kartal Yılmaz,24,Kayserispor,2.50 mil. €
Yusuf Demir,21,Galatasaray,2.50 mil. €
Olivier Kemen,28,İstanbul Başakşehir FK,2.50 mil. €
Haris Hajradinovic,30,Kasımpaşa,2.50 mil. €
David Okereke,27,Gaziantep FK,2.40 mil. €
Ahmed Kutucu,24,Eyüpspor,2.40 mil. €
Mislav Orsic,31,Trabzonspor,2.20 mil. €
Edin Visca,34,Trabzonspor,2.20 mil. €
Samet Akaydin,30,Fenerbahçe,2.20 mil. €
Can Keleş,23,Beşiktaş JK,2.20 mil. €
Rony Lopes,28,Alanyaspor,2.20 mil. €
Miguel Cardoso,30,Kayserispor,2.10 mil. €
Furkan Bayır,24,Alanyaspor,2.10 mil. €
Stefan Savic,33,Trabzonspor,2.00 mil. €
Marius Mouandilmadji,26,Samsunspor,2.00 mil. €
Maestro,21,Adana Demirspor,2.00 mil. €
Dimitrios Pelkas,31,İstanbul Başakşehir FK,2.00 mil. €
Jonjo Shelvey,32,Eyüpspor,2.00 mil. €
Fredrik Midtsjø,31,Eyüpspor,2.00 mil. €
Vaclav Jurecka,30,Çaykur Rizespor,2.00 mil. €
Berke Özer,24,Eyüpspor,2.00 mil. €
Mustafa Hekimoğlu,17,Beşiktaş JK,2.00 mil. €
Ersin Destanoğlu,23,Beşiktaş JK,2.00 mil. €
Carlos Strandberg,28,Hatayspor,2.00 mil. €
Gabriel Paulista,34,Beşiktaş JK,2.00 mil. €
Gökhan Gül,26,Kasımpaşa,2.00 mil. €
Muhammed Şengezer,27,İstanbul Başakşehir FK,1.90 mil. €
Malcom Bokele,24,Göztepe,1.80 mil. €
Adil Demirbağ,27,Konyaspor,1.80 mil. €
Umut Bozok,28,Trabzonspor,1.80 mil. €
Arif Kocaman,21,Kayserispor,1.80 mil. €
Dries Mertens,37,Galatasaray,1.80 mil. €
Attila Mocsi,24,Çaykur Rizespor,1.80 mil. €
Martin Minchev,23,Çaykur Rizespor,1.80 mil. €
Emre Mor,27,Eyüpspor,1.80 mil. €
Anastasios Chatzigiovanis,27,Eyüpspor,1.80 mil. €
Joelson Fernandes,21,Hatayspor,1.80 mil. €
Jonas Svensson,31,Beşiktaş JK,1.80 mil. €
Fatih Aksoy,27,Alanyaspor,1.80 mil. €
Mateusz Lis,27,Göztepe,1.70 mil. €
Deian Sorescu,27,Gaziantep FK,1.70 mil. €
Cenk Tosun,33,Fenerbahçe,1.70 mil. €
Rick van Drongelen,25,Samsunspor,1.70 mil. €
Emre Kılınç,30,Samsunspor,1.70 mil. €
Deniz Türüç,31,İstanbul Başakşehir FK,1.70 mil. €
Ibrahim Olawoyin,27,Çaykur Rizespor,1.70 mil. €
Ali Sowe,30,Çaykur Rizespor,1.70 mil. €
Rigoberto Rivas,26,Hatayspor,1.70 mil. €
Onur Bulut,30,Beşiktaş JK,1.70 mil. €
Florent Hadergjonaj,30,Alanyaspor,1.70 mil. €
Adolfo Gaich,25,Antalyaspor,1.60 mil. €
Taylan Antalyalı,29,Bodrum FK,1.60 mil. €
Majid Hosseini,28,Kayserispor,1.60 mil. €
Aylton Boa Morte,31,Kayserispor,1.60 mil. €
Metehan Baltacı,22,Galatasaray,1.60 mil. €
Altin Zeqiri,24,Çaykur Rizespor,1.60 mil. €
Kenneth Omeruo,31,Kasımpaşa,1.60 mil. €
Kévin Rodrigues,30,Kasımpaşa,1.60 mil. €
Mortadha Ben Ouanes,30,Kasımpaşa,1.60 mil. €
Ui-jo Hwang,32,Alanyaspor,1.60 mil. €
Kuryu Matsuki,21,Göztepe,1.50 mil. €
Oleksandr Petrusenko,26,Antalyaspor,1.50 mil. €
Soner Dikmen,31,Antalyaspor,1.50 mil. €
Ramzi Safuri,29,Antalyaspor,1.50 mil. €
Sam Larsson,31,Antalyaspor,1.50 mil. €
Noah Sonko Sundberg,28,Sivasspor,1.50 mil. €
Onuralp Çevikkan,18,Trabzonspor,1.50 mil. €
George Pușcaș,28,Bodrum FK,1.50 mil. €
Ercan Kara,28,Samsunspor,1.50 mil. €
Landry Dimata,27,Samsunspor,1.50 mil. €
Duckens Nazon,30,Kayserispor,1.50 mil. €
Okan Kocuk,29,Samsunspor,1.50 mil. €
Philippe Keny,25,İstanbul Başakşehir FK,1.50 mil. €
Hamza Güreler,18,İstanbul Başakşehir FK,1.50 mil. €
Khusniddin Alikulov,25,Çaykur Rizespor,1.50 mil. €
Rúben Vezo,30,Eyüpspor,1.50 mil. €
Dorukhan Toköz,28,Eyüpspor,1.50 mil. €
Casper Højer,30,Çaykur Rizespor,1.50 mil. €
Rachid Ghezzal,32,Çaykur Rizespor,1.50 mil. €
Prince Ampem,26,Eyüpspor,1.50 mil. €
Francisco Calvo,32,Hatayspor,1.50 mil. €
Bilal Boutobba,26,Hatayspor,1.50 mil. €
Guy-Marcelin Kilama,25,Hatayspor,1.50 mil. €
Sergio Córdova,27,Alanyaspor,1.50 mil. €
Bartuğ Elmaz,21,Fenerbahçe,1.50 mil. €
Braian Samudio,28,Antalyaspor,1.40 mil. €
Andros Townsend,33,Antalyaspor,1.40 mil. €
Diogo Sousa,26,Bodrum FK,1.40 mil. €
Emre Gökay,18,Sivasspor,1.40 mil. €
Mustafa Eskihellaç,27,Gaziantep FK,1.40 mil. €
Giannis Papanikolaou,26,Çaykur Rizespor,1.40 mil. €
David Akintola,28,Çaykur Rizespor,1.40 mil. €
Loide Augusto,24,Alanyaspor,1.40 mil. €
Chandrel Massanga,25,Hatayspor,1.40 mil. €
Louka Prip,27,Konyaspor,1.30 mil. €
Alassane Ndao,27,Konyaspor,1.30 mil. €
Alex Pritchard,31,Sivasspor,1.30 mil. €
Queensy Menig,29,Sivasspor,1.30 mil. €
Anthony Nwakaeme,35,Trabzonspor,1.30 mil. €
Lubomir Satka,29,Samsunspor,1.30 mil. €
Matchoi Djaló,21,İstanbul Başakşehir FK,1.30 mil. €
Filip Damjanovic,26,Konyaspor,1.20 mil. €
Pedrinho,27,Konyaspor,1.20 mil. €
Erdoğan Yeşilyurt,31,Antalyaspor,1.20 mil. €
Uğur Çiftçi,32,Sivasspor,1.20 mil. €
Kenan Kodro,31,Gaziantep FK,1.20 mil. €
Bruno Viana,29,Gaziantep FK,1.20 mil. €
Gökhan Akkan,29,Bodrum FK,1.20 mil. €
Marc Bola,27,Samsunspor,1.20 mil. €
Muhamed Buljubasic,20,Çaykur Rizespor,1.20 mil. €
Taha Şahin,24,Çaykur Rizespor,1.20 mil. €
Halil Akbunar,31,Eyüpspor,1.20 mil. €
Emre Akbaba,32,Eyüpspor,1.20 mil. €
Lamine Diack,24,Hatayspor,1.20 mil. €
Bruno Viana,29,Gaziantep FK,1.20 mil. €
Taha Şahin,24,Çaykur Rizespor,1.20 mil. €
Muhamed Buljubasic,20,Çaykur Rizespor,1.20 mil. €
Erdoğan Yeşilyurt,31,Antalyaspor,1.20 mil. €
Kenan Kodro,31,Gaziantep FK,1.20 mil. €
David Tijanic,27,Göztepe,1.10 mil. €
Fernando Muslera,38,Galatasaray,1.10 mil. €
Mert Hakan Yandaş,30,Fenerbahçe,1.10 mil. €
Christophe Hérelle,32,Bodrum FK,1.10 mil. €
Cemali Sertel,24,Hatayspor,1.10 mil. €
Ayberk Karapo,20,Çaykur Rizespor,1.10 mil. €
Eyüp Aydın,20,Galatasaray,1.10 mil. €
Sander van de Streek,31,Antalyaspor,1.10 mil. €
Yalçın Kayan,25,Göztepe,1.00 mil. €
Carlos Mané,30,Kayserispor,1.00 mil. €
Mamadou Fall,32,Kasımpaşa,1.00 mil. €
Keita Baldé,29,Sivasspor,1.00 mil. €
Flavien Tait,31,Samsunspor,1.00 mil. €
Charilaos Charisis,29,Sivasspor,1.00 mil. €
Azizbek Turgunboev,30,Sivasspor,1.00 mil. €
Fidan Aliti,31,Alanyaspor,1.00 mil. €
Yusuf Barası,21,Adana Demirspor,1.00 mil. €
Halil Dervişoğlu,25,Gaziantep FK,1.00 mil. €
Benhur Keser,28,Çaykur Rizespor,1.00 mil. €
Jonathan Okoronkwo,21,Hatayspor,1.00 mil. €
Lucas Lima,33,İstanbul Başakşehir FK,1.00 mil. €
Benhur Keser,28,Çaykur Rizespor,1.00 mil. €
Jonathan Okoronkwo,21,Hatayspor,1.00 mil. €
Mamadou Fall,32,Kasımpaşa,1.00 mil. €
Fidan Aliti,31,Alanyaspor,1.00 mil. €
Semih Güler,30,Adana Demirspor,950 bin €
Görkem Sağlam,26,Hatayspor,950 bin €
Musah Mohammed,22,Bodrum FK,900 bin €
Josip Calusic,31,Konyaspor,900 bin €
Emre Uzun,19,Antalyaspor,900 bin €
Blaz Kramer,28,Konyaspor,900 bin €
Oğulcan Ülgün,26,Konyaspor,900 bin €
Garry Rodrigues,34,Sivasspor,900 bin €
Celil Yüksel,26,Samsunspor,900 bin €
Gökhan Sazdağı,30,Kayserispor,900 bin €
Arlind Ajeti,31,Bodrum FK,900 bin €
Mithat Pala,24,Çaykur Rizespor,900 bin €
Nuno Lima,23,Alanyaspor,900 bin €
Richard,30,Alanyaspor,900 bin €
Koray Günter,30,Göztepe,850 bin €
Novatus Miroshi,22,Göztepe,850 bin €
Erdal Rakip,28,Antalyaspor,850 bin €
Uros Radakovic,30,Sivasspor,850 bin €
Mehdi Bourabia,33,Kayserispor,850 bin €
Davidson,33,İstanbul Başakşehir FK,850 bin €
Juan,22,Göztepe,800 bin €
Héliton,29,Göztepe,800 bin €
Emmanuel Boateng,27,Konyaspor,800 bin €
Cenk Şen,24,Bodrum FK,800 bin €
Poyraz Yıldırım,19,Trabzonspor,800 bin €
Murat Paluli,30,Sivasspor,800 bin €
Stéphane Bahoken,32,Kayserispor,800 bin €
Danijel Aleksic,33,Konyaspor,750 bin €
Thalisson,26,Antalyaspor,750 bin €
Kenan Piric,30,Antalyaspor,750 bin €
Alexandru Maxim,34,Gaziantep FK,750 bin €
Arda Kızıldağ,26,Gaziantep FK,750 bin €
Julian Jeanvier,32,Kayserispor,750 bin €
Ramazan Civelek,28,Kayserispor,750 bin €
Baran Gezek,19,Kayserispor,750 bin €
Kingsley Schindler,31,Samsunspor,750 bin €
Funsho Bamgboye,25,Hatayspor,750 bin €
Nuno Da Costa,33,Kasımpaşa,750 bin €
Ogün Bayrak,26,Göztepe,700 bin €
Jakub Slowik,33,Konyaspor,700 bin €
Niko Rak,21,Konyaspor,700 bin €
Furkan Soyalp,29,Gaziantep FK,700 bin €
Youssef Aït Bennasser,28,Samsunspor,700 bin €
Patryk Szysz,26,İstanbul Başakşehir FK,700 bin €
Gianni Bruno,33,Eyüpspor,700 bin €
Recep Niyaz,29,Eyüpspor,700 bin €
Cláudio Winck,30,Kasımpaşa,700 bin €
Guilherme,34,Konyaspor,650 bin €
Marko Jevtovic,31,Konyaspor,650 bin €
Pedro Brazão,21,Bodrum FK,650 bin €
Achilleas Poungouras,29,Sivasspor,650 bin €
Ali Aytemur,28,Bodrum FK,650 bin €
Necip Uysal,33,Beşiktaş JK,650 bin €
Jhon Espinoza,25,Kasımpaşa,650 bin €
Emrah Başsan,32,Sivasspor,600 bin €
Ertuğrul Ersoy,27,Gaziantep FK,600 bin €
Christopher Lungoyi,24,Gaziantep FK,600 bin €
Ali Karimi,30,Kayserispor,600 bin €
Abat Aymbetov,29,Adana Demirspor,600 bin €
Efe Akman,18,Galatasaray,600 bin €
Jovan Manev,23,Adana Demirspor,600 bin €
Serdar Gürler,33,İstanbul Başakşehir FK,600 bin €
Robin Yalçın,30,Eyüpspor,600 bin €
Tayfur Bingöl,31,Eyüpspor,600 bin €
Rui Pedro,26,Hatayspor,600 bin €
Serdar Dursun,33,Alanyaspor,600 bin €
Djalma Silva,30,Göztepe,550 bin €
Emrecan Uzunhan,23,Antalyaspor,550 bin €
Hamidou Keyta,30,Konyaspor,550 bin €
Salem M'Bakata,26,Gaziantep FK,550 bin €
Lionel Carole,33,Kayserispor,550 bin €
Günay Güvenç,33,Galatasaray,550 bin €
Nicolas Janvier,26,Alanyaspor,550 bin €
Isaac Solet,23,Göztepe,500 bin €
Yusuf Sertkaya,19,Bodrum FK,500 bin €
Yusuf Erdoğan,32,Konyaspor,500 bin €
Melih İbrahimoğlu,24,Konyaspor,500 bin €
Enric Saborit,32,Gaziantep FK,500 bin €
Badou Ndiaye,34,Gaziantep FK,500 bin €
Quentin Daubin,29,Gaziantep FK,500 bin €
Ogün Özçiçek,25,Gaziantep FK,500 bin €
Soner Gönül,27,Samsunspor,500 bin €
Joseph Attamah,30,Kayserispor,500 bin €
Nanu,30,Samsunspor,500 bin €
Onur Ergün,32,İstanbul Başakşehir FK,500 bin €
Ömer Beyaz,21,İstanbul Başakşehir FK,500 bin €
Emre Kaplan,23,İstanbul Başakşehir FK,500 bin €
Deniz Dilmen,19,İstanbul Başakşehir FK,500 bin €
Andreas Gianniotis,31,Kasımpaşa,500 bin €
Ertuğrul Çetin,21,Fenerbahçe,500 bin €
Nazım Sangaré,30,Göztepe,450 bin €
Ahmet Aslan,23,Bodrum FK,450 bin €
Zdravko Dimitrov,26,Bodrum FK,450 bin €
Jan Bieganski,22,Sivasspor,450 bin €
Emirhan Başyiğit,19,Sivasspor,450 bin €
Fredy,34,Bodrum FK,450 bin €
Emirhan Başyiğit,19,Sivasspor,450 bin €
Juan Christian,23,Alanyaspor,450 bin €
Zdravko Dimitrov,26,Bodrum FK,450 bin €
Sokratis Dioudis,31,Gaziantep FK,450 bin €
Ahmet Aslan,23,Bodrum FK,450 bin €
Ömer Ali Şahiner,32,İstanbul Başakşehir FK,450 bin €
Haqi Osman,22,Bodrum FK,400 bin €
Mustafa Tan,19,Samsunspor,400 bin €
Doğan Erdoğan,28,Göztepe,400 bin €
Yunus Emre Çift,21,Samsunspor,400 bin €
Eray Özbek,21,Kayserispor,400 bin €
Yaw Ackah,25,Kayserispor,400 bin €
Anthony Uzodimma,25,Kayserispor,400 bin €
Luccas Claro,33,Eyüpspor,400 bin €
Samu Saiz,33,Eyüpspor,400 bin €
Erce Kardeşler,30,Hatayspor,400 bin €
Godfrey Stephen,24,Gaziantep FK,400 bin €
Bahadır Öztürk,29,Antalyaspor,400 bin €
Samet Yalçın,30,Bodrum FK,400 bin €
Batuhan Şen,25,Galatasaray,375 bin €
Melih Bostan,20,Konyaspor,375 bin €
Dimitrios Kolovetsios,33,Kayserispor,350 bin €
Zeki Yavru,33,Samsunspor,350 bin €
Efecan Karaca,35,Alanyaspor,350 bin €
Zeki Yavru,33,Samsunspor,350 bin €
Visar Bekaj,27,Hatayspor,350 bin €
Loret Sadiku,33,Kasımpaşa,350 bin €
Efecan Karaca,35,Alanyaspor,350 bin €
Kubilay Kanatsızkuş,27,Göztepe,325 bin €
Ahmed Ildız,28,Göztepe,325 bin €
Serkan Asan,25,Trabzonspor,325 bin €
Cyril Mandouki,33,Gaziantep FK,325 bin €
Anıl Yaşar,22,Çaykur Rizespor,325 bin €
Cafú,31,Kasımpaşa,325 bin €
Amar Gerxhaliu,22,Antalyaspor,300 bin €
Tunahan Taşçı,22,Konyaspor,300 bin €
Samba Camara,32,Sivasspor,300 bin €
Bekir Turaç Böke,25,Sivasspor,300 bin €
İlker Karakaş,25,Gaziantep FK,300 bin €
Muhammet Ali Özbaskıcı,19,Samsunspor,300 bin €
Ali Yavuz Kol,23,Adana Demirspor,300 bin €
Gökdeniz Gürpüz,18,Galatasaray,300 bin €
Deniz Dönmezer,16,Adana Demirspor,300 bin €
Eray Korkmaz,21,Çaykur Rizespor,300 bin €
Emrecan Terzi,20,Beşiktaş JK,300 bin €
Cengiz Demir,23,Hatayspor,300 bin €
Erdem Çetinkaya,23,Kasımpaşa,300 bin €
Arda Özçimen,22,Göztepe,275 bin €
Nikola Boranijasevic,32,Konyaspor,275 bin €
Cyril Mandouki,33,Gaziantep FK,325 bin €
Anıl Yaşar,22,Çaykur Rizespor,325 bin €
Cafú,31,Kasımpaşa,325 bin €
Onurcan Piri,30,Kayserispor,200 bin €
Arda Usluoğlu,18,Alanyaspor,200 bin €
Kamil Ahmet Çörekçi,32,Hatayspor,200 bin €
Abdulkadir Parmak,29,Hatayspor,200 bin €
Kerim Alıcı,27,Hatayspor,200 bin €
Sadık Çiftpınar,31,Kasımpaşa,200 bin €
Ali Emre Yanar,26,Kasımpaşa,200 bin €
Berat Kalkan,21,Kasımpaşa,200 bin €
Abdullah Yiğiter,24,Antalyaspor,175 bin €
Veysel Sarı,36,Antalyaspor,175 bin €
Salih Kavrazlı,22,Adana Demirspor,175 bin €
Caner Erkin,36,Eyüpspor,175 bin €
Emir Yaşar,18,Beşiktaş JK,175 bin €
Burak Yılmaz,29,Hatayspor,175 bin €
Güray Vural,36,Antalyaspor,150 bin €
Taha Tepe,23,Trabzonspor,150 bin €
Emre Taşdemir,29,Gaziantep FK,150 bin €
Eren Erdoğan,23,Gaziantep FK,150 bin €
Arda Okan Kurtulan,22,Adana Demirspor,150 bin €
Enes Öğrüce,17,Bodrum FK,125 bin €
Mustafa Erdilman,20,Bodrum FK,125 bin €
Enes Albak,19,Samsunspor,125 bin €
Moussa Guel,25,Samsunspor,125 bin €
Tolga Kalender,23,Adana Demirspor,125 bin €
Fahri Ay,19,Beşiktaş JK,125 bin €
Oğuzhan Matur,25,Hatayspor,125 bin €
Baran Sarka,23,Hatayspor,125 bin €
Gabriel Obekpa,20,Bodrum FK,100 bin €
Lasse Nielsen,36,Göztepe,100 bin €
Kağan Arıcan,18,Antalyaspor,100 bin €
Mevlüt Han Ekelik,20,Antalyaspor,100 bin €
Fodé Koita,34,Sivasspor,100 bin €
Salih Malkoçoğlu,19,Trabzonspor,100 bin €
Ali Şahin Yılmaz,20,Trabzonspor,100 bin €
Bedirhan Çetin,18,Samsunspor,100 bin €
Hasan Ali Kaldırım,35,Kayserispor,100 bin €
Şamil Öztürk,19,Kayserispor,100 bin €
Bünyamin Balat,27,Adana Demirspor,100 bin €
Abdulsamet Burak,28,Adana Demirspor,100 bin €
Soner Aydoğdu,33,Samsunspor,100 bin €
Ozan Demirbağ,16,Adana Demirspor,100 bin €
Eren Altıntaş,20,Alanyaspor,100 bin €
Mert Bayram,19,Alanyaspor,100 bin €
Birkan Tetik,29,Eyüpspor,100 bin €
Emirhan Yiğit,18,Kasımpaşa,100 bin €
Tuğbey Akgün,21,Göztepe,75 bin €
Furkan Malak,19,Göztepe,75 bin €
Yasir Subaşı,28,Konyaspor,75 bin €
Mehmet Albayrak,20,Sivasspor,75 bin €
Berhan Deniz,20,Samsunspor,75 bin €
Ali Yeşilyurt,19,Galatasaray,75 bin €
Süleyman Özdamar,31,Bodrum FK,75 bin €
Breyton Fougeu,20,Adana Demirspor,75 bin €
İzzet Çelik,20,Adana Demirspor,75 bin €
Murat Eser,19,Adana Demirspor,75 bin €
Volkan Babacan,36,İstanbul Başakşehir FK,75 bin €
Ondrej Celustka,35,Bodrum FK,75 bin €
Kenan Özer,37,Bodrum FK,75 bin €
Sinan Gümüş,30,Eyüpspor,75 bin €
Erdem Gökçe,21,Eyüpspor,75 bin €
Arda Kılıç,19,Beşiktaş JK,75 bin €
Ali Yıldız,17,Hatayspor,75 bin €
Emir Dadük,16,Hatayspor,75 bin €
Ali Demirel,21,Kasımpaşa,75 bin €
Sarp Yavrucu,19,Kasımpaşa,75 bin €
Ertuğrul Taşkıran,35,Alanyaspor,75 bin €
Emircan Seçgin,22,Göztepe,50 bin €
Rüzgar Adıyaman,18,Bodrum FK,50 bin €
İsmail Köybaşı,35,Göztepe,50 bin €
Ege Yıldırım,17,Göztepe,50 bin €
Harun Toprak,19,Antalyaspor,50 bin €
Efecan Gülerce,22,Antalyaspor,50 bin €
Doğukan Özkan,24,Antalyaspor,50 bin €
Murat Sipahioğlu,22,Bodrum FK,50 bin €
Tunahan Akpınar,23,Bodrum FK,50 bin €
Ziya Erdal,36,Sivasspor,50 bin €
Nurettin Korkmaz,22,Kayserispor,50 bin €
Muammer Yıldırım,34,Samsunspor,50 bin €
Hüseyin Arslan,25,Sivasspor,50 bin €
Burhan Ersoy,21,Adana Demirspor,50 bin €
Florent Shehu,22,Adana Demirspor,50 bin €
Vedat Karakuş,26,Adana Demirspor,50 bin €
Yusuf Karagöz,25,Alanyaspor,50 bin €
Aksel Aktaş,25,Adana Demirspor,50 bin €
Buluthan Bulut,22,Alanyaspor,50 bin €
Emin Sarıgül,19,Alanyaspor,50 bin €
Bera Çeken,19,Alanyaspor,50 bin €
Yusuf Yılmaz,18,İstanbul Başakşehir FK,50 bin €
Burak Sefa Kavraz,19,İstanbul Başakşehir FK,50 bin €
Eren Karaağaç,20,İstanbul Başakşehir FK,50 bin €
Mehmet Kuzucu,21,Gaziantep FK,50 bin €
Halil Bağcı,21,Gaziantep FK,50 bin €
Burak Bozan,24,Gaziantep FK,50 bin €
Selimcan Temel,24,Hatayspor,50 bin €
Canberk Yurdakul,23,Çaykur Rizespor,50 bin €
Demir Sarıcalı,19,Hatayspor,50 bin €
Efe Geçim,20,Çaykur Rizespor,50 bin €
Ege Yıldırım,17,Göztepe,50 bin €
Atakan Ordu,19,Galatasaray,50 bin €
Murat Sipahioğlu,22,Bodrum FK,50 bin €
Yavuz Aygün,28,Konyaspor,50 bin €
Doğukan Özkan,24,Antalyaspor,50 bin €
Tunahan Akpınar,23,Bodrum FK,50 bin €
Harun Toprak,19,Antalyaspor,50 bin €
Efecan Gülerce,22,Antalyaspor,50 bin €
Kerem Ersunar,21,Bodrum FK,50 bin €
Erkan Değişmez,38,Bodrum FK,25 bin €
Yiğit Yıldız,20,Göztepe,25 bin €
