Season,Team Name,Player Name,Player Rating
22/23,Adana Demirspor,Goran Karačić,8.90
22/23,Başakşehir FK,Deniz Dilmen,8.70
22/23,Antalyaspor,Ataberk Dadakdeniz,8.30
22/23,Adana Demirspor,Vedat Karakuş,7.80
22/23,Galatasaray,Mauro Icardi,7.55
22/23,Fatih Karagümrük,Fabio Borini,7.49
22/23,Fenerbahçe,Arda Güler,7.48
22/23,Trabzonspor,Anastasios Bakasetas,7.44
22/23,Sivasspor,Dia Saba,7.42
22/23,Antalyaspor,Fernando,7.31
22/23,Sivasspor,Samu Sáiz,7.30
22/23,Fatih Karagümrük,Brahim Darri,7.30
22/23,Beşiktaş,Vincent Aboubakar,7.24
22/23,Konyaspor,Guilherme Haubert Sityá,7.24
22/23,Ümraniyespor,Mehmet Umut Nayir,7.23
22/23,Beşiktaş,Alexandru Maxim,7.23
22/23,Fenerbahçe,Enner Valencia,7.23
22/23,Adana Demirspor,Younès Belhanda,7.23
22/23,Galatasaray,Emin Bayram,7.22
22/23,Galatasaray,Sérgio Oliveira,7.21
22/23,Adana Demirspor,Badou Ndiaye,7.20
22/23,Fatih Karagümrük,Mbaye Diagne,7.20
22/23,Galatasaray,Kerem Aktürkoğlu,7.17
22/23,Trabzonspor,Edin Višća,7.17
22/23,Başakşehir FK,Youssouf Ndayishimiye,7.15
22/23,Galatasaray,Sacha Boey,7.14
22/23,MKE Ankaragücü,Tolga Ciğerci,7.14
22/23,Beşiktaş,Amir Hadžiahmetović,7.14
22/23,Beşiktaş,Gedson Fernandes,7.13
22/23,Beşiktaş,Arthur Masuaku,7.13
22/23,Kayserispor,Carlos Mané,7.12
22/23,Adana Demirspor,Kévin Rodrigues,7.11
22/23,Beşiktaş,Salih Uçan,7.10
22/23,Kasımpaşa,Ali Gholizadeh,7.10
22/23,Adana Demirspor,Yusuf Sarı,7.10
22/23,Beşiktaş,Cenk Tosun,7.09
22/23,Galatasaray,Lucas Torreira,7.09
22/23,Konyaspor,Alejandro Pozuelo,7.09
22/23,Beşiktaş,Rachid Ghezzal,7.09
22/23,Galatasaray,Dries Mertens,7.08
22/23,Başakşehir FK,Léo Duarte,7.08
22/23,Kasımpaşa,Valentin Eysseric,7.07
22/23,Beşiktaş,Wout Weghorst,7.06
22/23,Kasımpaşa,Günay Güvenç,7.06
22/23,Adana Demirspor,Emre Akbaba,7.06
22/23,İstanbulspor,Jason Lokilo,7.06
22/23,Trabzonspor,Mahmoud Trézéguet,7.05
22/23,Fenerbahçe,Michy Batshuayi,7.05
22/23,Beşiktaş,Nathan Redmond,7.04
22/23,Galatasaray,Fernando Muslera,7.04
22/23,Başakşehir FK,Muhammed Şengezer,7.04
22/23,Kasımpaşa,Sadık Çiftpınar,7.03
22/23,Fenerbahçe,Willian Arão,7.03
22/23,Beşiktaş,Tayyip Talha Sanuç,7.03
22/23,Alanyaspor,Efecan Karaca,7.03
22/23,Trabzonspor,Andreas Cornelius,7.03
22/23,Kasımpaşa,Mickaël Malsa,7.02
22/23,Konyaspor,Ahmet Oğuz,7.02
22/23,Sivasspor,Dimitris Goutas,7.02
22/23,MKE Ankaragücü,Gökhan Akkan,7.01
22/23,Fenerbahçe,Ferdi Kadıoğlu,7.01
22/23,Fenerbahçe,Gustavo Henrique,7.01
22/23,Fenerbahçe,İrfan Can Kahveci,7.01
22/23,Fenerbahçe,Samet Akaydın,7.01
22/23,Ümraniyespor,Alexandru Epureanu,7.01
22/23,Beşiktaş,Romain Saïss,7.00
22/23,Fenerbahçe,Mergim Berisha,7.00
22/23,Adana Demirspor,Jorge Morel,7.00
22/23,Ümraniyespor,Deniz Tabak,7.00
22/23,Giresunspor,Hamidou Traoré,7.00
22/23,Giresunspor,Ferhat Kaplan,7.00
22/23,Galatasaray,Abdülkerim Bardakcı,7.00
22/23,Kayserispor,Majid Hosseini,7.00
22/23,Adana Demirspor,Ertaç Özbir,6.99
22/23,Konyaspor,Francisco Calvo,6.99
22/23,İstanbulspor,Melih Kabasakal,6.99
22/23,Fatih Karagümrük,Steven Caulker,6.98
22/23,Giresunspor,Jorman Campuzano,6.98
22/23,Antalyaspor,Haji Wright,6.98
22/23,Trabzonspor,Vitor Hugo,6.97
22/23,Trabzonspor,Marek Hamšík,6.97
22/23,Fatih Karagümrük,Matteo Ricci,6.97
22/23,Trabzonspor,Marc Bartra,6.97
22/23,Galatasaray,Milot Rashica,6.97
22/23,Fenerbahçe,Lincoln,6.97
22/23,Ümraniyespor,Kartal Kayra Yılmaz,6.96
22/23,Adana Demirspor,Semih Güler,6.96
22/23,Ümraniyespor,Tomislav Glumac,6.96
22/23,Antalyaspor,Güray Vural,6.96
22/23,Alanyaspor,Rúnar Alex Rúnarsson,6.96
22/23,Alanyaspor,Zouhair Feddal,6.96
22/23,Başakşehir FK,Caner Erkin,6.96
22/23,Galatasaray,Victor Nelsson,6.95
22/23,Antalyaspor,Sam Larsson,6.95
22/23,Konyaspor,Marlos Moreno,6.94
22/23,MKE Ankaragücü,Milson,6.94
22/23,Konyaspor,Muhammet Demir,6.94
22/23,Adana Demirspor,Cherif Ndiaye,6.93
22/23,Fatih Karagümrük,Ibrahim Drešević,6.93
22/23,Ümraniyespor,Serkan Kırıntılı,6.93
22/23,Alanyaspor,Jure Balkovec,6.93
22/23,Fatih Karagümrük,Magomed Ozdoev,6.93
22/23,Alanyaspor,Ivan Cavaleiro,6.93
22/23,Trabzonspor,Maximiliano Gómez,6.93
22/23,Adana Demirspor,Jonas Svensson,6.92
22/23,Kayserispor,Campanharo,6.92
22/23,Başakşehir FK,Deniz Türüç,6.92
22/23,Antalyaspor,Mustafa Erdilman,6.92
22/23,Trabzonspor,Muhammet Taha Tepe,6.92
22/23,Trabzonspor,Abdülkadir Ömür,6.92
22/23,İstanbulspor,David Jensen,6.92
22/23,MKE Ankaragücü,Kévin Malcuit,6.92
22/23,Beşiktaş,Jackson Muleka,6.91
22/23,Kasımpaşa,Mortadha Ben Ouanes,6.91
22/23,Beşiktaş,Souza,6.91
22/23,Gaziantep FK,Marko Jevtović,6.91
22/23,MKE Ankaragücü,Arda Kızıldağ,6.91
22/23,Galatasaray,Yunus Akgün,6.91
22/23,Hatayspor,Zé Luís,6.91
22/23,Fenerbahçe,Joshua King,6.91
22/23,MKE Ankaragücü,Uroš Radaković,6.90
22/23,Fenerbahçe,Miguel Crespo,6.90
22/23,Fenerbahçe,Attila Szalai,6.90
22/23,Başakşehir FK,Nacer Chadli,6.90
22/23,Hatayspor,Christian Atsu,6.90
22/23,Antalyaspor,Christian Luyindama,6.90
22/23,Adana Demirspor,Mario Balotelli,6.90
22/23,Konyaspor,Sokol Cikalleshi,6.90
22/23,Kasımpaşa,Mehmet Feyzi Yıldırım,6.90
22/23,Galatasaray,Kâzımcan Karataş,6.90
22/23,Kayserispor,Olivier Kemen,6.90
22/23,Ümraniyespor,Orkun Özdemir,6.90
22/23,Konyaspor,Ibrahim Šehić,6.89
22/23,Başakşehir FK,Lucas Lima,6.89
22/23,Gaziantep FK,Alexander Merkel,6.89
22/23,Hatayspor,Erce Kardeşler,6.89
22/23,Beşiktaş,Omar Colley,6.89
22/23,Beşiktaş,Onur Bulut,6.89
22/23,Sivasspor,Charis Charisis,6.89
22/23,Trabzonspor,Enis Bardhi,6.89
22/23,Antalyaspor,Erdal Rakip,6.89
22/23,Trabzonspor,Umut Bozok,6.89
22/23,Konyaspor,Adil Demirbağ,6.89
22/23,MKE Ankaragücü,Marlon,6.88
22/23,Kasımpaşa,Aytaç Kara,6.88
22/23,Ümraniyespor,Yonathan Del Valle,6.88
22/23,Başakşehir FK,Adnan Januzaj,6.88
22/23,İstanbulspor,Ertuğrul Ersoy,6.88
22/23,Galatasaray,Patrick van Aanholt,6.88
22/23,Kasımpaşa,Papy Djilobodji,6.88
22/23,Fenerbahçe,Altay Bayındır,6.88
22/23,Sivasspor,Fredrik Ulvestad,6.88
22/23,Hatayspor,Kerim Alıcı,6.88
22/23,Adana Demirspor,Jovan Manev,6.88
22/23,Kasımpaşa,Haris Hajradinović,6.87
22/23,MKE Ankaragücü,Ali Sowe,6.87
22/23,Başakşehir FK,Lucas Biglia,6.87
22/23,İstanbulspor,Okan Erdoğan,6.87
22/23,Sivasspor,Muammer Yıldırım,6.87
22/23,Giresunspor,Riad Bajić,6.86
22/23,Başakşehir FK,Volkan Babacan,6.86
22/23,Giresunspor,Vukan Savićević,6.86
22/23,Adana Demirspor,Benjamin Stambouli,6.86
22/23,Kayserispor,Bilal Bayazit,6.86
22/23,Kayserispor,Mame Thiam,6.86
22/23,İstanbulspor,Muammer Sarıkaya,6.86
22/23,Konyaspor,Mame Biram Diouf,6.86
22/23,Kayserispor,Arif Kocaman,6.86
22/23,Trabzonspor,Bruno Peres,6.86
22/23,Beşiktaş,Mert Günok,6.86
22/23,İstanbulspor,Onur Ergün,6.86
22/23,Fenerbahçe,Luan Peres,6.85
22/23,Adana Demirspor,Gökhan Inler,6.85
22/23,Sivasspor,Max Gradel,6.85
22/23,Kayserispor,Lionel Carole,6.85
22/23,Antalyaspor,Fredy,6.85
22/23,Galatasaray,Léo Dubois,6.85
22/23,İstanbulspor,Valon Ethemi,6.85
22/23,Başakşehir FK,Ömer Ali Şahiner,6.85
22/23,Sivasspor,Caner Osmanpaşa,6.85
22/23,Galatasaray,Juan Mata,6.85
22/23,Alanyaspor,Wilson Eduardo,6.84
22/23,Başakşehir FK,Danijel Aleksić,6.84
22/23,Kasımpaşa,Bengali-Fodé Koita,6.84
22/23,Ümraniyespor,Oğuz Gürbulak,6.84
22/23,Fatih Karagümrük,Sofiane Feghouli,6.84
22/23,Kayserispor,Emrah Başsan,6.84
22/23,Kayserispor,Miguel Cardoso,6.84
22/23,Alanyaspor,Ahmed Hassan,6.84
22/23,Başakşehir FK,João Figueiredo,6.84
22/23,Alanyaspor,Furkan Bayır,6.84
22/23,İstanbulspor,Mehmet Yeşil,6.84
22/23,İstanbulspor,Florian Loshaj,6.84
22/23,Antalyaspor,Ömer Toprak,6.84
22/23,Adana Demirspor,Furkan Soyalp,6.83
22/23,Sivasspor,Isaac Cofie,6.83
22/23,MKE Ankaragücü,Gökhan Töre,6.83
22/23,Galatasaray,Sam Adekugbe,6.83
22/23,Galatasaray,Bafetimbi Gomis,6.83
22/23,Trabzonspor,Manolis Siopis,6.83
22/23,Galatasaray,Berkan Kutlu,6.83
22/23,İstanbulspor,Jetmir Topalli,6.83
22/23,MKE Ankaragücü,Ghayas Zahid,6.83
22/23,Başakşehir FK,Ahmed Touba,6.83
22/23,Fatih Karagümrük,Rayyan Baniya,6.82
22/23,Antalyaspor,Veysel Sarı,6.82
22/23,Kayserispor,Bernard Mensah,6.82
22/23,Galatasaray,Emre Taşdemir,6.82
22/23,Kasımpaşa,Bersant Celina,6.82
22/23,Fenerbahçe,Diego Rossi,6.81
22/23,Sivasspor,Mustapha Yatabaré,6.81
22/23,İstanbulspor,Emeka Eze,6.81
22/23,Ümraniyespor,Allyson,6.81
22/23,MKE Ankaragücü,Atakan Çankaya,6.81
22/23,İstanbulspor,Eduart Rroca,6.80
22/23,Kasımpaşa,Florent Hadergjonaj,6.80
22/23,Adana Demirspor,Fredrik Gulbrandsen,6.80
22/23,Başakşehir FK,Bertrand Traoré,6.80
22/23,Sivasspor,Emre Gökay,6.80
22/23,Trabzonspor,Stefano Denswil,6.80
22/23,Fenerbahçe,Bruma,6.80
22/23,Kasımpaşa,Oguzhan Yilmaz,6.80
22/23,Beşiktaş,Francisco Montero,6.80
22/23,Beşiktaş,Berkay Vardar,6.80
22/23,Hatayspor,Recep Burak Yılmaz,6.80
22/23,Kasımpaşa,Tarkan Serbest,6.80
22/23,Ümraniyespor,Mustafa Eser,6.80
22/23,Trabzonspor,Eren Elmalı,6.80
22/23,Konyaspor,Soner Dikmen,6.80
22/23,Sivasspor,Aaron Appindangoyé,6.79
22/23,Trabzonspor,Uğurcan Çakır,6.79
22/23,Sivasspor,Leke James,6.79
22/23,Beşiktaş,Tayfur Bingöl,6.79
22/23,Fatih Karagümrük,Jimmy Durmaz,6.79
22/23,Ümraniyespor,Olarenwaju Kayode,6.79
22/23,Sivasspor,Erdoğan Yeşilyurt,6.79
22/23,Hatayspor,Burak Öksüz,6.79
22/23,Ümraniyespor,Geraldo,6.79
22/23,Fatih Karagümrük,Emiliano Viviano,6.79
22/23,Kayserispor,Ali Karimi,6.79
22/23,MKE Ankaragücü,Emre Kılınç,6.78
22/23,Ümraniyespor,Ermir Lenjani,6.78
22/23,Sivasspor,Ali Şaşal Vural,6.78
22/23,Antalyaspor,Helton Leite,6.78
22/23,Beşiktaş,Valentin Rosier,6.78
22/23,Gaziantep FK,Ángelo Sagal,6.78
22/23,Hatayspor,Rúben Ribeiro,6.78
22/23,Alanyaspor,Daniel Candeias,6.78
22/23,Ümraniyespor,Jesse Sekidika,6.78
22/23,Giresunspor,Faruk Can Genç,6.78
22/23,Fatih Karagümrük,Kerim Frei,6.78
22/23,Hatayspor,Ayoub El Kaabi,6.78
22/23,Ümraniyespor,Antonio Mršić,6.78
22/23,Giresunspor,Görkem Sağlam,6.78
22/23,Galatasaray,Barış Alper Yılmaz,6.78
22/23,Adana Demirspor,Artem Dzyuba,6.78
22/23,Fenerbahçe,Emre Mor,6.77
22/23,Sivasspor,Robin Yalçın,6.77
22/23,Adana Demirspor,Birkir Bjarnason,6.77
22/23,Fenerbahçe,Mert Hakan Yandaş,6.77
22/23,Konyaspor,Zymer Bytyqi,6.77
22/23,Giresunspor,Hayrullah Bilazer,6.77
22/23,Alanyaspor,Leroy Fer,6.77
22/23,MKE Ankaragücü,Abdullah Durak,6.77
22/23,Adana Demirspor,Erhun Öztümer,6.77
22/23,Trabzonspor,Dorukhan Toköz,6.77
22/23,Adana Demirspor,Babajide David Akintola,6.77
22/23,MKE Ankaragücü,Lamine Diack,6.77
22/23,Fatih Karagümrük,Jean Evrard Kouassi,6.76
22/23,Fatih Karagümrük,Saba Lobjanidze,6.76
22/23,Hatayspor,Kaan Kanak,6.76
22/23,Fenerbahçe,İrfan Can Eğribayat,6.76
22/23,Kasımpaşa,Stéphane Bahoken,6.76
22/23,Fatih Karagümrük,Andrea Bertolacci,6.76
22/23,Sivasspor,Murat Paluli,6.76
22/23,Kasımpaşa,Mounir Chouiar,6.76
22/23,Fatih Karagümrük,Ebrima Colley,6.76
22/23,Kasımpaşa,Mickael Tirpan,6.76
22/23,Kasımpaşa,Erdem Canpolat,6.76
22/23,Sivasspor,Alaaddin Okumuş,6.75
22/23,Hatayspor,Kamil Ahmet Çörekçi,6.75
22/23,Trabzonspor,Jean-Philippe Gbamin,6.75
22/23,Başakşehir FK,Patryk Szysz,6.75
22/23,Trabzonspor,Naci Ünüvar,6.75
22/23,Beşiktaş,Kenan Karaman,6.75
22/23,Giresunspor,Sergen Piçinciol,6.75
22/23,Antalyaspor,Muhammed Alperen Uysal,6.75
22/23,Sivasspor,Samba Camara,6.75
22/23,Başakşehir FK,Serdar Gürler,6.75
22/23,Sivasspor,Uğur Çiftçi,6.75
22/23,İstanbulspor,Simon Deli,6.74
22/23,Kasımpaşa,Ertuğrul Taşkıran,6.74
22/23,Fenerbahçe,Miha Zajc,6.74
22/23,Başakşehir FK,Philippe Keny,6.74
22/23,Alanyaspor,Efthymios Koulouris,6.74
22/23,Galatasaray,Fredrik Midtsjø,6.74
22/23,Alanyaspor,Oğuz Aydın,6.74
22/23,MKE Ankaragücü,Taylan Antalyalı,6.74
22/23,Fenerbahçe,Ezgjan Alioski,6.74
22/23,MKE Ankaragücü,Pedrinho,6.74
22/23,Ümraniyespor,Onur Ayık,6.74
22/23,MKE Ankaragücü,Bahadır Han Güngördü,6.74
22/23,Adana Demirspor,Kévin Soni,6.73
22/23,Trabzonspor,Arif Boşluk,6.73
22/23,Konyaspor,Bruno Paz,6.73
22/23,Beşiktaş,Necip Uysal,6.73
22/23,Konyaspor,Uğurcan Yazğılı,6.73
22/23,Beşiktaş,Welinton,6.73
22/23,MKE Ankaragücü,Stelios Kitsiou,6.73
22/23,Alanyaspor,Yusuf Özdemir,6.73
22/23,Başakşehir FK,Berkay Özcan,6.73
22/23,Konyaspor,Andreas Bouchalakis,6.73
22/23,Antalyaspor,Bertuğ Yıldırım,6.73
22/23,Fenerbahçe,João Pedro Galvão,6.73
22/23,Beşiktaş,Dele Alli,6.73
22/23,Antalyaspor,Hakan Özmert,6.72
22/23,Beşiktaş,Georges-Kévin N'Koudou,6.72
22/23,Ümraniyespor,Durel Avounou,6.72
22/23,Konyaspor,Robert Murić,6.72
22/23,Hatayspor,Musa Çağıran,6.72
22/23,Giresunspor,Talha Ülvan,6.72
22/23,Giresunspor,Borja Sainz,6.71
22/23,Alanyaspor,Efkan Bekiroğlu,6.71
22/23,Fatih Karagümrük,Batuhan Ahmet Şen,6.71
22/23,Fatih Karagümrük,Münir Levent Mercan,6.71
22/23,Ümraniyespor,Isaac Sackey,6.71
22/23,Trabzonspor,Hüseyin Türkmen,6.71
22/23,Antalyaspor,Luiz Adriano,6.71
22/23,Kasımpaşa,Ryan Donk,6.71
22/23,Kayserispor,Mario Gavranović,6.70
22/23,MKE Ankaragücü,Anastasios Chatzigiovanis,6.70
22/23,Giresunspor,Alexis Pérez,6.70
22/23,Alanyaspor,Erencan Yardımcı,6.70
22/23,Alanyaspor,Zinedine Ferhat,6.70
22/23,Fenerbahçe,İsmail Yüksek,6.70
22/23,Alanyaspor,Ümit Akdağ,6.70
22/23,Konyaspor,Niko Rak,6.70
22/23,Trabzonspor,Salih Malkoçoğlu,6.70
22/23,Trabzonspor,Emirhan Zaman,6.70
22/23,Ümraniyespor,Osman Bugra Erdogan,6.70
22/23,Başakşehir FK,Francis Nzaba,6.70
22/23,Galatasaray,Kaan Ayhan,6.70
22/23,Fatih Karagümrük,Bruno Rodrigues,6.70
22/23,Kayserispor,Joseph Attamah,6.70
22/23,Gaziantep FK,Abdulkadir Parmak,6.70
22/23,Başakşehir FK,Şener Özbayraklı,6.70
22/23,Giresunspor,Alper Uludağ,6.70
22/23,Başakşehir FK,Stefano Okaka,6.69
22/23,Antalyaspor,Bünyamin Balcı,6.69
22/23,İstanbulspor,İbrahim Yilmaz,6.69
22/23,Giresunspor,Robert Mejía,6.69
22/23,Alanyaspor,Umut Güneş,6.69
22/23,Fenerbahçe,Serdar Aziz,6.69
22/23,Başakşehir FK,Mahmut Tekdemir,6.69
22/23,İstanbulspor,Ali Yaşar,6.69
22/23,Kayserispor,Dimitris Kolovetsios,6.69
22/23,Kayserispor,İlhan Parlak,6.69
22/23,MKE Ankaragücü,Andrej Đokanović,6.69
22/23,İstanbulspor,Emir Kaan Gültekin,6.68
22/23,Antalyaspor,Gökdeniz Bayrakdar,6.68
22/23,MKE Ankaragücü,Nihad Mujakić,6.68
22/23,Hatayspor,Burak Bekaroğlu,6.68
22/23,Hatayspor,Ognjen Vranješ,6.68
22/23,Sivasspor,Ziya Erdal,6.68
22/23,Kayserispor,Gökhan Sazdağı,6.68
22/23,Giresunspor,Brandley Kuwas,6.67
22/23,Sivasspor,Clinton N'Jie,6.67
22/23,Fatih Karagümrük,Salih Dursun,6.67
22/23,Antalyaspor,Ruud Boffin,6.67
22/23,Giresunspor,Onurcan Piri,6.67
22/23,Hatayspor,Mehdi Boudjemaa,6.67
22/23,Trabzonspor,Lazar Marković,6.67
22/23,Sivasspor,Hakan Arslan,6.67
22/23,MKE Ankaragücü,Jesé Rodríguez,6.66
22/23,Antalyaspor,Fedor Kudryashov,6.66
22/23,Giresunspor,Kadir Seven,6.66
22/23,MKE Ankaragücü,Giorgi Beridze,6.66
22/23,İstanbulspor,Demeaco Duhaney,6.66
22/23,Alanyaspor,Idrissa Doumbia,6.66
22/23,Konyaspor,Domagoj Pavičić,6.66
22/23,Kasımpaşa,Mustafa Eskihellaç,6.66
22/23,Kasımpaşa,Mamadou Fall,6.66
22/23,Başakşehir FK,Junior Caiçara,6.65
22/23,Ümraniyespor,Strahil Popov,6.65
22/23,Alanyaspor,Famara Diédhiou,6.65
22/23,Başakşehir FK,Muhammet Arslantaş,6.65
22/23,Trabzonspor,Taha Altıkardeş,6.65
22/23,Antalyaspor,Admir Mehmedi,6.65
22/23,Kasımpaşa,Jeffrey Bruma,6.65
22/23,Giresunspor,Murat Cem Akpinar,6.65
22/23,Konyaspor,Endri Çekiçi,6.65
22/23,Kasımpaşa,Raoul Petretta,6.64
22/23,MKE Ankaragücü,Yasin Güreler,6.64
22/23,Ümraniyespor,Serkan Göksu,6.63
22/23,Kayserispor,Ramazan Civelek,6.63
22/23,Adana Demirspor,Mert Çetin,6.63
22/23,Adana Demirspor,Henry Onyekuru,6.63
22/23,Antalyaspor,Emrecan Uzunhan,6.63
22/23,Ümraniyespor,Adel Bettaieb,6.63
22/23,Fatih Karagümrük,Davide Biraschi,6.63
22/23,Adana Demirspor,Britt Assombalonga,6.63
22/23,İstanbulspor,Valmir Veliu,6.63
22/23,Konyaspor,Cebrail Karayel,6.63
22/23,Hatayspor,Sadik Bas,6.63
22/23,Alanyaspor,Arnaud Lusamba,6.62
22/23,Kasımpaşa,Yasin Özcan,6.62
22/23,Ümraniyespor,Berke Özer,6.62
22/23,Beşiktaş,Umut Meraş,6.62
22/23,Hatayspor,Rayane Aabid,6.62
22/23,Hatayspor,Kevin Varga,6.62
22/23,İstanbulspor,Tuncer Duhan Aksu,6.62
22/23,Trabzonspor,Doğucan Haspolat,6.62
22/23,Alanyaspor,Joher Khadim Rassoul,6.62
22/23,Beşiktaş,Kerem Atakan Kesgin,6.61
22/23,Antalyaspor,Sinan Gümüş,6.61
22/23,Hatayspor,Dylan Saint-Louis,6.61
22/23,Antalyaspor,Ufuk Akyol,6.61
22/23,Kayserispor,Anthony Uzodimma,6.61
22/23,Antalyaspor,Alassane Ndao,6.60
22/23,Kasımpaşa,Ahmet Engin,6.60
22/23,Trabzonspor,Yusuf Yazıcı,6.60
22/23,Trabzonspor,Berat Ayberk Özdemir,6.60
22/23,Adana Demirspor,Hamza Jaganjac,6.60
22/23,Alanyaspor,Ahmet Gülay,6.60
22/23,Antalyaspor,Erkan Eyibil,6.60
22/23,MKE Ankaragücü,Arda Ünyay,6.60
22/23,Fatih Karagümrük,Efecan Mizrakci,6.60
22/23,Adana Demirspor,Samuel Nongoh,6.60
22/23,Başakşehir FK,Ayberk Kaygisiz,6.60
22/23,Başakşehir FK,Edgar Ié,6.60
22/23,MKE Ankaragücü,Ali Kaan Güneren,6.60
22/23,Trabzonspor,Serkan Asan,6.60
22/23,Gaziantep FK,Luka Stankovski,6.60
22/23,Kayserispor,Talha Sariarslan,6.60
22/23,İstanbulspor,Patrick Ebert,6.60
22/23,Hatayspor,Simon Falette,6.60
22/23,Gaziantep FK,Halil Ibrahim Pehlivan,6.60
22/23,Antalyaspor,Sherel Floranus,6.60
22/23,Giresunspor,Ramón Arias,6.60
22/23,Trabzonspor,Djaniny,6.59
22/23,Sivasspor,Kader Keïta,6.59
22/23,MKE Ankaragücü,Hasan Ali Kaldırım,6.59
22/23,Kasımpaşa,Daniel Graovac,6.59
22/23,Gaziantep FK,Tomáš Pekhart,6.59
22/23,Kasımpaşa,Fabiano Silva,6.59
22/23,MKE Ankaragücü,Firatcan Üzüm,6.59
22/23,İstanbulspor,Kerem Şen,6.59
22/23,Fatih Karagümrük,Samed Onur,6.58
22/23,Kasımpaşa,Tunay Torun,6.58
22/23,Kayserispor,Mustafa Pektemek,6.58
22/23,Gaziantep FK,Ömürcan Artan,6.58
22/23,Galatasaray,Yusuf Demir,6.58
22/23,Fatih Karagümrük,Otabek Shukurov,6.58
22/23,Beşiktaş,Ersin Destanoğlu,6.58
22/23,Sivasspor,Jordy Caicedo,6.58
22/23,Fatih Karagümrük,Anwan Lawrence,6.58
22/23,Başakşehir FK,Mesut Özil,6.58
22/23,MKE Ankaragücü,Bevic Moussiti Oko,6.58
22/23,İstanbulspor,Adi Mehremić,6.57
22/23,Konyaspor,Oğulcan Ülgün,6.57
22/23,Giresunspor,Rahmetullah Berisbek,6.57
22/23,Fenerbahçe,Bright Osayi-Samuel,6.56
22/23,Giresunspor,Oğulcan Çağlayan,6.56
22/23,Konyaspor,Konrad Michalak,6.56
22/23,İstanbulspor,Oğuzhan Berber,6.56
22/23,Giresunspor,Serginho,6.55
22/23,MKE Ankaragücü,Matěj Hanousek,6.55
22/23,Ümraniyespor,Valentin Gheorghe,6.55
22/23,Konyaspor,Amilton da Silva,6.54
22/23,Adana Demirspor,Yusuf Erdoğan,6.54
22/23,MKE Ankaragücü,Oğuz Ceylan,6.54
22/23,Giresunspor,Mert Kurt,6.54
22/23,Antalyaspor,Houssameddine Ghacha,6.54
22/23,Konyaspor,Erhan Erentürk,6.54
22/23,Adana Demirspor,Abdurrahim Dursun,6.54
22/23,Konyaspor,Uche Ikpeazu,6.53
22/23,Başakşehir FK,Shaocong Wu,6.53
22/23,Hatayspor,Muhammed Mert,6.53
22/23,Konyaspor,Kahraman Demirtaş,6.53
22/23,Trabzonspor,Jens Stryger Larsen,6.53
22/23,Fatih Karagümrük,Burak Kapacak,6.53
22/23,Sivasspor,Karol Angielski,6.53
22/23,İstanbulspor,Aldin Čajić,6.53
22/23,İstanbulspor,Sindrit Guri,6.53
22/23,Fenerbahçe,Serdar Dursun,6.52
22/23,MKE Ankaragücü,Gboly Ariyibi,6.52
22/23,Ümraniyespor,Onur Atasayar,6.52
22/23,Konyaspor,Amar Rahmanović,6.52
22/23,Ümraniyespor,Metehan Mimaroğlu,6.52
22/23,Antalyaspor,Cemali Sertel,6.52
22/23,Ümraniyespor,Fatih Yiğit Şanlitürk,6.52
22/23,Fatih Karagümrük,Colin Kazim-Richards,6.50
22/23,Galatasaray,Alexandru Cicâldău,6.50
22/23,Trabzonspor,Poyraz Efe Yıldırım,6.50
22/23,Başakşehir FK,Enzo Crivelli,6.50
22/23,Hatayspor,Mohammed Kamara,6.50
22/23,Gaziantep FK,Torgeir Børven,6.50
22/23,İstanbulspor,Raymond Owusu,6.50
22/23,Adana Demirspor,Salih Kavrazlı,6.50
22/23,Konyaspor,Yasir Subaşı,6.50
22/23,Kasımpaşa,Selim Dilli,6.50
22/23,Kasımpaşa,Recep Yemişçi,6.50
22/23,Ümraniyespor,Yusuf Saitoğlu,6.50
22/23,MKE Ankaragücü,Ibrahim Yilmaz Cicek,6.50
22/23,Galatasaray,Okan Kocuk,6.50
22/23,Ümraniyespor,Nika Gagnidze,6.50
22/23,İstanbulspor,Vefa Temel,6.50
22/23,Ümraniyespor,Batuhan Arici,6.50
22/23,Hatayspor,Jeremy Dudziak,6.50
22/23,Başakşehir FK,Berkay Aydogmus,6.50
22/23,Beşiktaş,Semih Kılıçsoy,6.50
22/23,MKE Ankaragücü,Pêpê,6.50
22/23,Sivasspor,Ahmed Musa,6.50
22/23,Kasımpaşa,Berat Kalkan,6.49
22/23,İstanbulspor,Mahamadou Ba,6.49
22/23,Konyaspor,Mehmet Ali Büyüksayar,6.49
22/23,Galatasaray,Haris Seferović,6.48
22/23,Alanyaspor,Fatih Aksoy,6.47
22/23,Antalyaspor,Soner Aydoğdu,6.47
22/23,Kasımpaşa,Yunus Malli,6.47
22/23,Fatih Karagümrük,Adnan Uğur,6.46
22/23,Adana Demirspor,Yaroslav Rakitskyi,6.46
22/23,Galatasaray,Nicolò Zaniolo,6.46
22/23,Alanyaspor,Oussama Targhalline,6.46
22/23,Kayserispor,Baran Ali Gezek,6.46
22/23,Giresunspor,Senghor Faustin,6.46
22/23,Adana Demirspor,Berk Yıldız,6.46
22/23,Konyaspor,Mahir Emreli,6.46
22/23,Fatih Karagümrük,Adem Ljajić,6.45
22/23,Kasımpaşa,Erdem Çetinkaya,6.45
22/23,Kasımpaşa,Ali Sühan Demirel,6.45
22/23,Alanyaspor,Pedro Pereira,6.43
22/23,Giresunspor,Erol Can Akdag,6.43
22/23,Giresunspor,Doğan Can Davas,6.43
22/23,Antalyaspor,Doğukan Sinik,6.43
22/23,Beşiktaş,Atiba Hutchinson,6.43
22/23,Trabzonspor,Mountassir Lahtimi,6.43
22/23,Gaziantep FK,Alin Toșca,6.43
22/23,Adana Demirspor,İsmail Çokçalış,6.42
22/23,Kasımpaşa,Turgay Gemicibaşi,6.42
22/23,MKE Ankaragücü,Federico Macheda,6.41
22/23,Başakşehir FK,Okechukwu Azubuike,6.40
22/23,Sivasspor,Mehmet Albayrak,6.40
22/23,Ümraniyespor,Beren Kucukbasarik,6.40
22/23,Fenerbahçe,Mauricio Lemos,6.40
22/23,Gaziantep FK,Onurhan Babuscu,6.40
22/23,MKE Ankaragücü,Sinan Osmanoğlu,6.40
22/23,Ümraniyespor,Yunus Emre Mertoğlu,6.40
22/23,Ümraniyespor,Mert Yilmaz,6.40
22/23,İstanbulspor,Mirza Cihan,6.40
22/23,Antalyaspor,Shoya Nakajima,6.36
22/23,İstanbulspor,Michael Ologo,6.36
22/23,Antalyaspor,Amar Gerxhaliu,6.35
22/23,İstanbulspor,Kagan Bağış,6.34
22/23,Başakşehir FK,Eden Karzev,6.33
22/23,Beşiktaş,Tyler Boyd,6.30
22/23,Fatih Karagümrük,Emir Tintiş,6.30
22/23,Ümraniyespor,Emre Nefiz,6.30
22/23,İstanbulspor,Ferhat Yazgan,6.30
22/23,Kayserispor,Berat Eskin,6.30
22/23,Kayserispor,Yaw Ackah,6.30
22/23,Fenerbahçe,Jayden Oosterwolde,6.27
22/23,Beşiktaş,Emre Bilgin,6.25
22/23,Başakşehir FK,Batuhan Çelik,6.25
22/23,Alanyaspor,Yusuf Karagöz,6.22
22/23,Galatasaray,Hamza Akman,6.20
22/23,Ümraniyespor,Anil Demir,6.20
22/23,MKE Ankaragücü,Doğukan Kaya,6.20
22/23,Ümraniyespor,Gunes Guventurk,6.20
22/23,Ümraniyespor,Dogukan Saral,6.20
22/23,Kayserispor,Cenk Gönen,6.20
22/23,Hatayspor,Engin Aksoy,6.10
22/23,İstanbulspor,Alp Arda,6.05
22/23,İstanbulspor,Kristal Abazaj,6.04
22/23,Antalyaspor,Bálint Szabó,6.00
22/23,Alanyaspor,Çağan Kayra Erciyas,6.00
22/23,MKE Ankaragücü,Eren Derdiyok,5.90
22/23,İstanbulspor,Abdullah Dijlan Aydin,5.90
22/23,Kasımpaşa,Hasan Yesilyurt,3.00
22/23,Hatayspor,Abdullah Yiğiter,0
22/23,Galatasaray,Baran Aksaka,0
22/23,MKE Ankaragücü,Şahverdi Çetin,0
22/23,Kasımpaşa,Taylan Utku Aydın,0
22/23,Trabzonspor,Oguzhan Yilmaz,0
22/23,Fatih Karagümrük,Muzaffer Cem Kablan,0
22/23,İstanbulspor,Eslem Öztürk,0
22/23,Kayserispor,Ahmet Kağan Malatyalı,0
22/23,MKE Ankaragücü,Mert Can,0
