Season,Week,Match Date,Home Team,Away Team,Home Goals,Away Goals,Home Performance,Away Performance,Home Formation,Away Formation,Home Players,Away Players
21/22,Round 38,20/05/22,Antalyaspor,Galatasaray,1,1,6.71,6.89,4-2-3-1,4-3-1-2,R. Boffin; B. Balcı; (c) V. Sarı; F. Kudryashov; G. Vural; Fredy; Fernando; A. Ndao; L. Adriano; D. Sinik; H. Wright,(c) F. Muslera; S. Boey; V. Nelsson; Marcão; P. v. Aanholt; T. Antalyalı; E. Pulgar; B. Kutlu; H. Dervişoğlu; B. Gomis; R. Babel
21/22,Round 38,20/05/22,Gaziantep,Rizespor,2,0,7.03,6.88,4-1-4-1,4-4-2,M. B. Bozan; S. Kitsiou; E. Ersoy; (c) P. Djilobodji; H. I. Pehlivan; D. Erdoğan; Á. Sagal; R. Niyaz; L. Stankovski; A. Maxim; J. Figueiredo,Z. Görgen; (c) G. Gönül; C. Ponck; E. Topçu; E. Albayrak; D. Hümmet; E. Sabo; R. Mendes; A. Umar; J. Pohjanpalo; P. D. Cissé
21/22,Round 38,21/05/22,Altay,Kasımpaşa,2,4,6.65,,3-5-2,4-1-4-1,C. Topaloğlu; K. Thiam; (c) İ. Öztürk; E. Sarıkaya; E. Erdoğan; C. Gülselam; Thaciano; A. B. Poko; K. Karataş; L. Kappel; M. Rodríguez,E. Canpolat; F. Hadergjonaj; J. Bruma; H. E. Akaydın; M. F. Yıldırım; D. Haspolat; M. Fall; (c) H. Hajradinović; V. Eysseric; J. Muleka; U. Bozok
21/22,Round 38,21/05/22,Sivasspor,Kayserispor,2,1,6.86,6.68,4-2-3-1,4-4-2,E. Satılmış; M. Albayrak; D. Goutas; S. Camara; (c) Z. Erdal; Ö. Yigiter; I. Cofie; S. Yılmaz; K. A. Kesgin; J. Félix; M. Konaté,B. Bayazit; M. Cardoso; U. Demirok; D. Kolovetsios; Y. Subaşı; C. Mané; İ. Akdağ; A. Parmak; G. Sazdağı; (c) İ. Parlak; M. Gavranović
21/22,Round 38,21/05/22,Beşiktaş,Konyaspor,1,1,6.84,6.85,3-4-1-2,4-2-3-1,E. Bilgin; S. Saatçı; (c) N. Uysal; F. Montero; K. Karaman; C. Bozdoğan; E. İlkhan; U. Meraş; R. Ghezzal; G. N'Koudou; C. Larin,(c) I. Šehić; B. Yardımcı; U. Yazğılı; A. Demirbağ; G. H. Sityá; A. Hadžiahmetović; S. Dikmen; K. Michalak; A. Rahmanović; A. d. Silva; S. Cikalleshi
21/22,Round 38,21/05/22,Yeni Malatyaspor,Fenerbahçe,0,5,6.17,7.43,4-2-3-1,4-2-3-1,A. Damlu; B. Başdaş; P. G. Awuku; G. Campi; K. Hafez; J. Nshimirimana; A. Ayna; M. Eskihellaç; (c) B. Çağıran; U. Taniş; H. Osman,(c) A. Bayındır; F. Kadıoğlu; S. Aziz; M. Tisserand; F. Novák; L. Gustavo; M. Zajc; İ. C. Kahveci; M. H. Yandaş; D. Rossi; S. Dursun
21/22,Round 38,22/05/22,Başakşehir,Trabzonspor,3,1,6.94,6.71,4-1-4-1,4-2-3-1,V. Babacan; J. Caiçara; L. Duarte; A. Epureanu; L. Lima; T. Ciğerci; S. Gürler; (c) M. Tekdemir; D. Aleksić; M. Trézéguet; S. Okaka,(c) U. Çakır; D. Toköz; A. Kaplan; V. Hugo; İ. Köybaşı; M. Siopis; B. A. Özdemir; E. Višća; A. Bakasetas; A. N. Nwakaeme; A. Cornelius
21/22,Round 38,22/05/22,Karagümrük,Alanyaspor,0,1,6.82,6.99,4-2-3-1,4-2-3-1,E. Viviano; D. Biraschi; B. Bekaroğlu; D. Luckassen; C. Erkin; A. Uğur; (c) L. Biglia; E. Mor; F. Borini; Y. Karamoh; A. Pešić,S. Kırıntılı; Juanfran; F. Bayır; F. Aksoy; C. Awaziem; U. Güneş; L. Fer; (c) E. Karaca; J. Novais; D. Candeias; F. Diédhiou
21/22,Round 38,22/05/22,Adana DS,Göztepe,7,0,7.37,5.92,4-2-3-1,5-4-1,V. Karakuş; İ. Çokçalış; S. Akaydın; T. T. Sanuç; A. Uludağ; M. Kapı; (c) G. Inler; Y. Akgün; E. Öztümer; M. Vargas; M. Balotelli,A. Özçimen; K. Alıcı; A. Çankaya; M. Mihojević; K. Demirtaş; (c) B. Emir; D. Tijanič; Y. Kayan; E. C. Saçıkara; E. Özkayımoğlu; F. Di Santo
21/22,Round 38,22/05/22,Hatayspor,Giresunspor,4,1,7.19,6.36,4-2-3-1,5-4-1,(c) M. Mohamedi; S. Bas; F. Kurucuk; B. Öksüz; S. Adekugbe; M. Boudjemaa; O. Ergün; S. Lobjanidze; Y. Benzia; Kahraba; A. E. Kaabi,O. Piri; H. Bilazer; F. Yilmaz; (c) Z. Yavru; A. Y. Çınar; B. Gun; M. C. Akbayrak; F. Kütük; H. Traoré; M. Gümüşkaya; M. U. Nayir
21/22,Round 37,14/05/22,Kayserispor,Yeni Malatyaspor,3,0,7.05,6.51,4-4-2,4-2-3-1,C. Gönen; R. Civelek; U. Demirok; D. Kolovetsios; Y. Subaşı; E. Başsan; İ. Akdağ; Campanharo; G. Sazdağı; M. Pektemek; (c) İ. Parlak,A. E. Türkaslan; B. Başdaş; P. G. Awuku; G. Campi; K. Hafez; (c) B. Çağıran; A. Ayna; M. M. Altıntaş; U. Taniş; K. Altunışık; B. Tetteh
21/22,Round 37,15/05/22,Göztepe,Beşiktaşx2,0,2,6.53,6.68,5-3-2,3-4-2-1,A. Özçimen; M. Paluli; D. Arslanagić; M. Mihojević; K. Demirtaş; (c) B. Emir; D. Tijanič; A. Çankaya; Y. Kayan; M. Baku; F. Di Santo,E. Bilgin; S. Saatçı; Welinton; F. Montero; V. Rosier; E. İlkhan; (c) Souza; U. Meraş; C. Larin; G. N'Koudou; R. Ghezzal
21/22,Round 37,15/05/22,Trabzonspor,Altay,2,1,7.01,6.71,4-2-3-1,3-5-2,(c) U. Çakır; S. Asan; A. Kaplan; V. Hugo; İ. Köybaşı; A. Bakasetas; M. Hamšík; E. Višća; A. Ömür; A. N. Nwakaeme; A. Cornelius,C. Topaloğlu; K. Thiam; (c) İ. Öztürk; E. Björkander; C. Karayel; Thaciano; C. Gülselam; A. B. Poko; K. Karataş; L. Kappel; M. Rodríguez
21/22,Round 37,15/05/22,Alanyaspor,Gaziantep,3,0,7.15,6.41,4-2-3-1,4-4-2,Marafona; Juanfran; F. Bayır; F. Aksoy; C. Borja; U. Güneş; L. Fer; (c) E. Karaca; E. Akbaba; E. Bekiroğlu; F. Diédhiou,M. B. Bozan; (c) O. Ceylan; E. Ersoy; A. Toșca; H. I. Pehlivan; Á. Sagal; D. Erdoğan; A. Vetrih; M. Cihan; J. Figueiredo; A. Maxim
21/22,Round 37,15/05/22,Fenerbahçe,Karagümrük,0,0,7.18,6.96,4-2-3-1,4-2-3-1,(c) A. Bayındır; N. Sangaré; S. Aziz; M. Tisserand; F. Kadıoğlu; M. Zajc; L. Gustavo; B. Osayi-Samuel; İ. C. Kahveci; D. Rossi; S. Dursun,E. Viviano; D. Biraschi; B. Bekaroğlu; D. Luckassen; C. Erkin; (c) L. Biglia; K. Bistrović; E. Mor; F. Borini; A. Musa; A. Pešić
21/22,Round 37,15/05/22,Giresunspor,Başakşehir,1,1,6.82,6.75,4-2-3-1,4-1-4-1,O. Piri; (c) Z. Yavru; S. Piçinciol; A. Pérez; H. Bilazer; H. Traoré; Flávio; Serginho; Chiquinho; F. Diabaté; M. U. Nayir,V. Babacan; J. Caiçara; L. Duarte; A. Epureanu; L. Lima; T. Ciğerci; D. Türüç; (c) M. Tekdemir; B. Özcan; M. Trézéguet; F. Gulbrandsen
21/22,Round 37,15/05/22,Kasımpaşa,Antalyaspor,2,4,6.55,,4-1-4-1,4-2-3-1,E. Canpolat; M. F. Yıldırım; J. Bruma; T. Břečka; F. Hadergjonaj; R. Aabid; M. Fall; (c) H. Hajradinović; V. Eysseric; J. Muleka; U. Bozok,R. Boffin; B. Balcı; B. Öztürk; Naldo; G. Vural; (c) Fredy; Fernando; A. Ndao; L. Adriano; D. Sinik; H. Wright
21/22,Round 37,15/05/22,Konyaspor,Hatayspor,3,1,7.12,6.42,4-2-3-1,4-2-3-1,I. Šehić; (c) N. Skubic; M. Çağıran; A. Bardakcı; G. H. Sityá; O. Ülgün; A. Hadžiahmetović; K. Michalak; E. Çekiçi; Z. Bytyqi; S. Cikalleshi,M. Mohamedi; S. Bas; F. Kurucuk; B. Öksüz; E. Kaplan; D. Saint-Louis; M. Boudjemaa; S. Lobjanidze; Y. Benzia; A. E. Kaabi; (c) M. B. Diouf
21/22,Round 37,16/05/22,Rizespor,Sivasspor,1,2,6.67,7.02,4-2-3-1,4-2-3-1,G. Akkan; (c) G. Gönül; C. Ponck; E. Topçu; E. Albayrak; E. Sabo; L. Phiri; T. Boyd; D. Hümmet; A. Umar; P. D. Cissé,A. Ş. Vural; A. Oğuz; A. Appindangoyé; C. Osmanpaşa; U. Çiftçi; F. Ulvestad; (c) H. Arslan; E. Yeşilyurt; F. Fajr; M. Gradel; M. Yatabaré
21/22,Round 37,16/05/22,Galatasaray,Adana DS,3,2,6.94,6.64,4-2-3-1,4-2-3-1,(c) F. Muslera; S. Boey; V. Nelsson; Marcão; P. v. Aanholt; E. Pulgar; B. Kutlu; R. Babel; H. Dervişoğlu; K. Aktürkoğlu; B. Gomis,A. Murić; S. Güler; S. Akaydın; S. Deli; A. Uludağ; (c) G. Inler; B. Bjarnason; Y. Akgün; Y. Belhanda; M. Vargas; M. Balotelli
21/22,Round 36,06/05/22,Gaziantep,Kayserispor,1,1,6.85,6.81,3-4-3,4-2-3-1,(c) G. Güvenç; P. Djilobodji; E. Ersoy; A. Toșca; O. Ceylan; R. Niyaz; D. Erdoğan; Á. Sagal; M. Cihan; J. Figueiredo; A. Maxim,S. Lung Jr.; O. Bulut; D. Kolovetsios; J. Attamah; L. Carole; İ. Akdağ; Campanharo; E. Başsan; A. Parmak; G. Sazdağı; (c) İ. Parlak
21/22,Round 36,06/05/22,Hatayspor,Trabzonspor,1,1,6.94,6.86,4-2-3-1,4-2-3-1,(c) M. Mohamedi; S. Bas; I. Sackey; B. Öksüz; S. Adekugbe; O. Ergün; M. Boudjemaa; A. E. Kaabi; D. Saint-Louis; S. Lobjanidze; B. Yıldırım,(c) U. Çakır; S. Asan; A. Kaplan; V. Hugo; İ. Köybaşı; B. A. Özdemir; M. C. Akpinar; Y. Erdoğan; A. Bakasetas; J. Kouassi; T. Djaniny
21/22,Round 36,07/05/22,Karagümrük,Göztepe,3,1,6.93,6.58,4-2-3-1,4-1-4-1,E. Viviano; D. Biraschi; B. Bekaroğlu; D. Luckassen; C. Erkin; J. Durmaz; (c) L. Biglia; A. Musa; E. Mor; F. Borini; A. Pešić,A. Özçimen; K. Alıcı; M. Mihojević; D. Arslanagić; B. Emir; Y. Kayan; M. Baku; D. Tijanič; A. Çankaya; (c) H. Akbunar; F. Di Santo
21/22,Round 36,07/05/22,Sivasspor,Kasımpaşa,1,3,6.59,6.77,4-2-3-1,4-5-1,M. Yıldırım; K. Altınay; D. Goutas; S. Camara; (c) Z. Erdal; Ö. Yigiter; I. Cofie; O. Kayode; K. A. Kesgin; S. Yılmaz; M. Yatabaré,E. Canpolat; F. Hadergjonaj; (c) R. Donk; J. Bruma; E. Elmalı; M. Fall; H. Hajradinović; D. Haspolat; V. Eysseric; A. Mabil; J. Muleka
21/22,Round 36,07/05/22,Adana DS,Alanyaspor,1,2,6.69,6.88,4-2-3-1,4-2-3-1,A. Murić; İ. Çokçalış; S. Akaydın; T. T. Sanuç; J. K. Rassoul; (c) G. Inler; S. Kurt; B. Bjarnason; Y. Akgün; Y. Belhanda; M. Balotelli,Y. Karagöz; F. Aksoy; N. Milunović; C. Awaziem; C. Borja; U. Güneş; L. Fer; Juanfran; (c) E. Karaca; D. Candeias; F. Diédhiou
21/22,Round 36,07/05/22,Başakşehir,Galatasaray,0,0,7.16,7.03,4-1-4-1,4-1-4-1,V. Babacan; J. Caiçara; E. A. Koyuncu; A. Epureanu; L. Lima; T. Ciğerci; D. Türüç; (c) M. Tekdemir; B. Özcan; M. Trézéguet; F. Gulbrandsen,(c) F. Muslera; S. Boey; V. Nelsson; A. Öztürk; P. v. Aanholt; T. Antalyalı; R. Babel; A. Cicâldău; B. Kutlu; K. Aktürkoğlu; M. Mohamed
21/22,Round 36,08/05/22,Altay,Giresunspor,1,1,6.93,6.74,4-5-1,4-2-3-1,C. Topaloğlu; C. Karayel; E. Björkander; K. Thiam; K. Karataş; L. Kappel; A. B. Poko; Thaciano; (c) Z. Yildirim; M. Rodríguez; A. Y. Rayan,O. Piri; Z. Yavru; (c) S. Piçinciol; A. Pérez; E. Taşdemir; H. Traoré; Flávio; F. Diabaté; Chiquinho; M. Gümüşkaya; M. U. Nayir
21/22,Round 36,08/05/22,Yeni Malatyaspor,Rizespor,1,3,6.68,7.02,4-3-3,4-2-3-1,A. Damlu; M. E. Sarikaya; B. Başdaş; G. Campi; P. G. Awuku; (c) B. Çağıran; J. Nshimirimana; A. Ayna; H. Osman; B. Tetteh; M. M. Altıntaş,G. Akkan; (c) G. Gönül; C. Ponck; E. Topçu; E. Albayrak; L. Phiri; E. Sabo; Y. Sarı; D. Hümmet; A. Umar; P. D. Cissé
21/22,Round 36,08/05/22,Beşiktaş,Fenerbahçe,1,1,6.72,6.63,3-4-1-2,4-3-3,E. Destanoğlu; S. Saatçı; Welinton; U. Meraş; K. Karaman; (c) Souza; E. İlkhan; R. Yılmaz; R. Ghezzal; M. Batshuayi; C. Larin,(c) A. Bayındır; N. Sangaré; M. Tisserand; F. Novák; F. Kadıoğlu; M. Zajc; L. Gustavo; M. H. Yandaş; İ. C. Kahveci; S. Dursun; D. Rossi
21/22,Round 36,09/05/22,Antalyaspor,Konyaspor,3,2,6.79,6.71,4-2-3-1,4-2-3-1,R. Boffin; B. Balcı; (c) V. Sarı; F. Kudryashov; G. Vural; Fredy; Fernando; A. Ndao; L. Adriano; D. Sinik; H. Wright,(c) I. Šehić; N. Skubic; A. Demirbağ; A. Bardakcı; G. H. Sityá; S. Dikmen; A. Hadžiahmetović; K. Michalak; E. Çekiçi; Z. Bytyqi; A. Hassan
21/22,Round 35,29/04/22,Fenerbahçe,Gaziantep,3,2,6.92,6.61,4-2-3-1,3-4-3,(c) A. Bayındır; N. Sangaré; S. Aziz; M. Tisserand; F. Kadıoğlu; L. Gustavo; M. Zajc; İ. C. Kahveci; M. H. Yandaş; D. Rossi; S. Dursun,(c) G. Güvenç; P. Djilobodji; E. Ersoy; A. Toșca; S. Kitsiou; A. Vetrih; D. Erdoğan; Á. Sagal; A. Maxim; M. Demir; J. Figueiredo
21/22,Round 35,29/04/22,Giresunspor,Adana DS,2,0,7.11,6.67,4-2-3-1,4-2-3-1,O. Kocuk; H. Bilazer; S. Piçinciol; A. Pérez; A. Behich; (c) H. Traoré; Flávio; Serginho; Chiquinho; F. Diabaté; M. U. Nayir,A. Murić; J. Svensson; S. Akaydın; T. T. Sanuç; J. K. Rassoul; (c) G. Inler; S. Kurt; Y. Akgün; B. Bjarnason; M. Vargas; B. Assombalonga
21/22,Round 35,30/04/22,Kasımpaşa,Başakşehir,2,3,6.79,6.82,4-1-4-1,4-2-3-1,E. Taşkıran; F. Hadergjonaj; (c) R. Donk; T. Břečka; E. Elmalı; D. Haspolat; M. Fall; H. Hajradinović; V. Eysseric; A. Mabil; J. Muleka,V. Babacan; J. Caiçara; L. Duarte; A. Epureanu; L. Lima; (c) M. Tekdemir; T. Ciğerci; D. Türüç; B. Özcan; M. Trézéguet; F. Gulbrandsen
21/22,Round 35,30/04/22,Konyaspor,Karagümrük,1,2,6.73,6.84,4-2-3-1,4-2-3-1,(c) I. Šehić; N. Skubic; M. Çağıran; A. Bardakcı; G. H. Sityá; S. Dikmen; A. Hadžiahmetović; K. Michalak; E. Çekiçi; Z. Bytyqi; A. Hassan,E. Viviano; D. Biraschi; B. Bekaroğlu; D. Luckassen; C. Erkin; A. Uğur; (c) L. Biglia; A. Musa; E. Mor; F. Borini; A. Pešić
21/22,Round 35,30/04/22,Hatayspor,Altay,0,1,6.87,6.89,4-2-3-1,3-5-2,M. Mohamedi; S. Bas; I. Sackey; B. Öksüz; S. Adekugbe; O. Ergün; M. Boudjemaa; A. E. Kaabi; D. Saint-Louis; R. Ribeiro; (c) M. B. Diouf,M. Lis; K. Thiam; E. Björkander; (c) İ. Öztürk; C. Karayel; Z. Yildirim; C. Gülselam; Thaciano; K. Karataş; A. B. Poko; L. Kappel
21/22,Round 35,30/04/22,Trabzonspor,Antalyaspor,2,2,6.94,6.68,4-1-4-1,4-2-3-1,(c) U. Çakır; D. Toköz; S. Denswil; V. Hugo; T. Puchacz; M. Siopis; E. Višća; A. Ömür; M. Hamšík; T. Djaniny; A. Cornelius,R. Boffin; B. Balcı; (c) V. Sarı; Naldo; G. Vural; Fredy; Fernando; A. Ndao; L. Adriano; D. Sinik; H. Wright
21/22,Round 35,01/05/22,Alanyaspor,Yeni Malatyaspor,2,1,7.13,6.73,4-1-4-1,4-3-3,Y. Karagöz; Juanfran; F. Bayır; N. Milunović; C. Borja; J. Novais; (c) D. Candeias; E. Akbaba; E. Bekiroğlu; O. Aydın; W. Eduardo,A. Damlu; K. Özer; B. Başdaş; P. G. Awuku; B. Yaman; J. Nshimirimana; Y. Ulaş; (c) B. Çağıran; N. Dicko; B. Tetteh; M. M. Altıntaş
21/22,Round 35,01/05/22,Kayserispor,Beşiktaş,2,3,6.7,6.89,4-2-3-1,3-4-1-2,S. Lung Jr.; O. Bulut; M. Hosseini; M. Çetin; L. Carole; J. Attamah; O. Kemen; R. Civelek; A. Bertolacci; (c) M. Thiam; M. Gavranović,E. Destanoğlu; S. Saatçı; Welinton; F. Montero; V. Rosier; (c) A. Hutchinson; E. İlkhan; R. Yılmaz; R. Ghezzal; C. Larin; M. Batshuayi
21/22,Round 35,01/05/22,Galatasaray,Sivasspor,2,3,6.67,6.76,4-2-3-1,4-2-3-1,(c) F. Muslera; S. Boey; V. Nelsson; S. Kaya; P. v. Aanholt; E. Pulgar; T. Antalyalı; R. Babel; E. Kılınç; K. Aktürkoğlu; B. Gomis,A. Ş. Vural; A. Oğuz; A. Appindangoyé; C. Osmanpaşa; U. Çiftçi; F. Ulvestad; (c) H. Arslan; E. Yeşilyurt; F. Fajr; M. Gradel; M. Yatabaré
21/22,Round 35,01/05/22,Göztepe,Rizespor,1,7,6.16,7.11,4-1-4-1,4-1-4-1,K. Pirić; M. Paluli; A. Çankaya; K. Demirtaş; F. Moubandje; Y. Kayan; M. Baku; D. Tijanič; Lourency; (c) H. Akbunar; A. Jahović,G. Akkan; (c) G. Gönül; C. Ponck; E. Topçu; E. Albayrak; L. Phiri; Y. Sarı; E. Sabo; G. Fernandes; Y. Bolasie; P. D. Cissé
21/22,Round 34,22/04/22,Rizespor,Fenerbahçe,0,6,6.16,7.39,4-2-3-1,4-2-3-1,G. Akkan; (c) G. Gönül; C. Ponck; S. Holmén; E. Albayrak; F. Baiano; E. Sabo; T. Boyd; A. Potuk; Y. Bolasie; J. Pohjanpalo,(c) A. Bayındır; B. Osayi-Samuel; S. Aziz; M. Kim; F. Kadıoğlu; M. Zajc; M. Crespo; İ. C. Kahveci; M. H. Yandaş; D. Rossi; S. Dursun
21/22,Round 34,23/04/22,Karagümrük,Giresunspor,2,1,6.73,6.65,4-1-4-1,4-2-3-1,E. Viviano; D. Biraschi; B. Bekaroğlu; D. Luckassen; C. Erkin; (c) L. Biglia; E. Mor; K. Bistrović; M. Mercan; Y. Karamoh; A. Pešić,O. Kocuk; H. Bilazer; S. Piçinciol; A. Pérez; (c) A. Behich; H. Traoré; Flávio; M. S. Suleymanov; Chiquinho; Serginho; M. U. Nayir
21/22,Round 34,23/04/22,Gaziantep,Göztepe,1,1,6.86,6.81,3-5-2,4-1-4-1,(c) G. Güvenç; P. Djilobodji; E. Ersoy; A. Toșca; S. Kitsiou; F. Soyalp; A. Vetrih; A. Maxim; Á. Sagal; M. Cihan; M. Demir,A. Özçimen; M. Paluli; D. Arslanagić; K. Demirtaş; B. Emir; A. Çankaya; (c) H. Akbunar; Y. Kayan; D. Tijanič; Lourency; F. Di Santo
21/22,Round 34,23/04/22,Adana DS,Trabzonspor,1,3,6.6,6.88,4-2-3-1,4-1-4-1,A. Murić; J. Svensson; S. Akaydın; S. Deli; J. K. Rassoul; (c) G. Inler; B. Bjarnason; D. Babajide; Y. Akgün; M. Vargas; B. Assombalonga,(c) U. Çakır; B. Peres; D. Toköz; V. Hugo; S. Denswil; M. Siopis; E. Višća; A. Ömür; M. Hamšík; J. Kouassi; A. Cornelius
21/22,Round 34,24/04/22,Başakşehir,Hatayspor,3,0,7.17,6.41,4-2-3-1,4-2-3-1,V. Babacan; J. Caiçara; L. Duarte; A. Epureanu; L. Lima; (c) M. Tekdemir; T. Ciğerci; D. Türüç; D. Aleksić; M. Trézéguet; F. Gulbrandsen,M. Mohamedi; S. Bas; F. Kurucuk; I. Sackey; S. Adekugbe; O. Ergün; M. Boudjemaa; S. Lobjanidze; Y. Benzia; A. E. Kaabi; (c) M. B. Diouf
21/22,Round 34,24/04/22,Yeni Malatyaspor,Konyaspor,2,3,6.39,6.87,4-2-3-1,4-2-3-1,A. Damlu; K. Özer; B. Başdaş; G. Campi; P. G. Awuku; G. Donsah; O. Azubuike; N. Dicko; (c) B. Çağıran; M. Eskihellaç; B. Tetteh,(c) I. Šehić; N. Skubic; A. Demirbağ; A. Bardakcı; G. H. Sityá; S. Dikmen; A. Hadžiahmetović; K. Michalak; E. Çekiçi; Z. Bytyqi; A. Hassan
21/22,Round 34,24/04/22,Altay,Galatasaray,0,1,6.7,6.91,4-1-4-1,4-1-4-1,M. Lis; T. Ünlü; E. Björkander; K. Thiam; K. Karataş; (c) C. Gülselam; Z. Yildirim; A. B. Poko; Thaciano; M. Rodríguez; A. Y. Rayan,(c) F. Muslera; O. Elabdellaoui; V. Nelsson; Marcão; P. v. Aanholt; E. Pulgar; R. Babel; E. Kılınç; B. Kutlu; K. Aktürkoğlu; B. Gomis
21/22,Round 34,24/04/22,Antalyaspor,Kayserispor,1,1,6.71,6.83,4-2-3-1,4-2-3-1,R. Boffin; S. Floranus; Naldo; F. Kudryashov; G. Vural; (c) H. Özmert; Fernando; A. Ndao; L. Adriano; D. Sinik; H. Wright,S. Lung Jr.; O. Bulut; M. Hosseini; M. Çetin; L. Carole; J. Attamah; O. Kemen; R. Civelek; A. Bertolacci; (c) M. Thiam; M. Gavranović
21/22,Round 34,25/04/22,Beşiktaş,Kasımpaşa,0,3,6.56,7.18,3-4-3,4-1-4-1,E. Destanoğlu; Welinton; (c) D. Vida; F. Montero; V. Rosier; Souza; M. Pjanić; R. Yılmaz; R. Ghezzal; M. Batshuayi; G. Yalçın,E. Taşkıran; F. Hadergjonaj; (c) R. Donk; U. Spajić; E. Elmalı; D. Haspolat; M. Fall; H. Hajradinović; V. Eysseric; M. B. Ouanes; J. Muleka
21/22,Round 34,25/04/22,Sivasspor,Alanyaspor,1,0,6.81,6.69,4-2-3-1,4-1-4-1,M. Yıldırım; A. Oğuz; D. Goutas; S. Camara; (c) Z. Erdal; F. Ulvestad; H. Arslan; E. Yeşilyurt; F. Fajr; M. Gradel; M. Yatabaré,Y. Karagöz; Juanfran; F. Aksoy; N. Milunović; C. Borja; L. Fer; (c) E. Karaca; E. Akbaba; J. Novais; O. Aydın; W. Eduardo
21/22,Round 33,15/04/22,Kayserispor,Rizespor,1,1,6.86,6.79,4-1-4-1,4-2-3-1,S. Lung Jr.; O. Bulut; M. Hosseini; M. Çetin; L. Carole; Campanharo; E. Başsan; İ. Akdağ; J. Attamah; (c) M. Thiam; M. Pektemek,T. Çetin; (c) G. Gönül; C. Ponck; S. Holmén; E. Albayrak; F. Baiano; G. Fernandes; T. Boyd; E. Sabo; Y. Bolasie; P. D. Cissé
21/22,Round 33,15/04/22,Trabzonspor,Karagümrük,1,1,7.16,6.99,4-2-3-1,4-1-4-1,(c) U. Çakır; B. Peres; H. Türkmen; V. Hugo; S. Denswil; M. Hamšík; D. Toköz; E. Višća; A. Bakasetas; T. Djaniny; A. Cornelius,E. Viviano; D. Biraschi; B. Bekaroğlu; D. Luckassen; C. Erkin; (c) L. Biglia; A. Musa; K. Bistrović; M. Mercan; Y. Karamoh; A. Pešić
21/22,Round 33,16/04/22,Hatayspor,Sivasspor,1,1,6.83,6.73,4-2-3-1,4-3-3,M. Mohamedi; K. A. Çörekçi; I. Sackey; S. Falette; S. Adekugbe; O. Ergün; M. Boudjemaa; A. E. Kaabi; Y. Benzia; S. Bas; (c) M. B. Diouf,A. Ş. Vural; A. Oğuz; A. Appindangoyé; C. Osmanpaşa; (c) Z. Erdal; I. Cofie; F. Ulvestad; K. A. Kesgin; E. Yeşilyurt; M. Yatabaré; M. Gradel
21/22,Round 33,16/04/22,Alanyaspor,Antalyaspor,1,3,6.61,6.92,4-1-4-1,4-2-3-1,Marafona; Juanfran; N. Milunović; C. Awaziem; C. Borja; J. Novais; (c) E. Karaca; E. Bekiroğlu; E. Akbaba; D. Candeias; W. Eduardo,R. Boffin; B. Balcı; V. Sarı; F. Kudryashov; G. Vural; (c) H. Özmert; Fernando; G. Bayrakdar; L. Adriano; D. Sinik; H. Wright
21/22,Round 33,16/04/22,Altay,Başakşehir,1,1,6.83,6.95,5-3-2,4-2-3-1,M. Lis; T. Ünlü; K. Thiam; E. Björkander; (c) İ. Öztürk; M. Naderi; Z. Yildirim; C. Gülselam; A. B. Poko; M. Rodríguez; D. K. Bamba,V. Babacan; J. Caiçara; L. Duarte; (c) A. Epureanu; L. Lima; S. Uçan; T. Ciğerci; D. Türüç; D. Aleksić; M. Trézéguet; S. Okaka
21/22,Round 33,16/04/22,Fenerbahçe,Göztepe,2,0,7.08,6.55,4-2-3-1,4-1-4-1,(c) A. Bayındır; B. Osayi-Samuel; S. Aziz; M. Kim; F. Kadıoğlu; M. Zajc; M. Crespo; D. Rossi; M. H. Yandaş; D. Pelkas; S. Dursun,K. Pirić; M. Paluli; D. Arslanagić; K. Demirtaş; B. Emir; S. Aydoğdu; (c) H. Akbunar; Y. Kayan; D. Tijanič; F. Moubandje; F. Di Santo
21/22,Round 33,17/04/22,Konyaspor,Gaziantep,4,1,7.14,6.6,4-2-3-1,3-5-2,(c) I. Šehić; N. Skubic; A. Demirbağ; A. Bardakcı; G. H. Sityá; S. Dikmen; A. Hadžiahmetović; K. Michalak; E. Çekiçi; Z. Bytyqi; A. Hassan,(c) G. Güvenç; A. Vetrih; S. Caulker; A. Toșca; S. Kitsiou; F. Soyalp; D. Erdoğan; A. Maxim; H. I. Pehlivan; J. Figueiredo; M. Demir
21/22,Round 33,17/04/22,Kasımpaşa,Adana DS,4,0,7.33,6.33,4-1-4-1,4-2-3-1,E. Taşkıran; F. Hadergjonaj; (c) R. Donk; T. Serbest; E. Elmalı; D. Haspolat; M. Fall; H. Hajradinović; T. Torun; M. B. Ouanes; J. Muleka,A. Murić; J. Svensson; S. Akaydın; T. T. Sanuç; J. K. Rassoul; (c) G. Inler; B. Stambouli; Y. Akgün; Y. Belhanda; M. Vargas; M. Balotelli
21/22,Round 33,17/04/22,Giresunspor,Beşiktaş,0,0,6.98,6.91,4-2-3-1,3-4-3,O. Kocuk; H. Bilazer; S. Piçinciol; A. Pérez; A. Behich; H. Traoré; Flávio; M. S. Suleymanov; Chiquinho; Serginho; (c) M. U. Nayir,E. Destanoğlu; (c) N. Uysal; D. Vida; F. Montero; V. Rosier; Souza; C. Bozdoğan; R. Yılmaz; R. Ghezzal; M. Batshuayi; A. Teixeira
21/22,Round 33,18/04/22,Galatasaray,Yeni Malatyaspor,2,0,7.37,6.74,4-1-4-1,4-2-3-1,(c) F. Muslera; O. Elabdellaoui; V. Nelsson; Marcão; P. v. Aanholt; E. Pulgar; R. Babel; T. Antalyalı; B. Kutlu; K. Aktürkoğlu; H. Dervişoğlu,A. Damlu; K. Özer; P. G. Awuku; G. Campi; K. Hafez; O. Azubuike; G. Donsah; N. Dicko; (c) B. Çağıran; M. Eskihellaç; B. Tetteh
21/22,Round 32,09/04/22,Karagümrük,Kasımpaşa,3,2,6.87,6.68,4-1-4-1,4-4-1-1,E. Viviano; D. Biraschi; B. Bekaroğlu; D. Luckassen; J. Balkovec; (c) L. Biglia; E. Mor; A. Uğur; J. Durmaz; Y. Karamoh; A. Pešić,(c) E. Taşkıran; F. Hadergjonaj; U. Spajić; T. Serbest; E. Elmalı; M. B. Ouanes; D. Haspolat; R. Aabid; A. Engin; U. Bozok; J. Muleka
21/22,Round 32,09/04/22,Rizespor,Konyasporx2,2,1,6.74,6.68,4-2-3-1,4-2-3-1,G. Akkan; (c) G. Gönül; C. Ponck; S. Holmén; E. Albayrak; F. Baiano; G. Fernandes; T. Boyd; E. Sabo; Y. Bolasie; P. D. Cissé,(c) I. Šehić; N. Skubic; A. Demirbağ; A. Bardakcı; G. H. Sityá; O. Ülgün; A. Hadžiahmetović; A. d. Silva; E. Çekiçi; Z. Bytyqi; S. Cikalleshi
21/22,Round 32,09/04/22,Göztepe,Kayserispor,1,2,6.76,6.86,4-2-3-1,4-1-4-1,K. Pirić; K. Alıcı; D. Arslanagić; K. Demirtaş; F. Moubandje; Y. Kayan; O. Nwobodo; (c) H. Akbunar; D. Tijanič; Lourency; F. Di Santo,S. Lung Jr.; R. Civelek; M. Hosseini; M. Çetin; L. Carole; Campanharo; E. Başsan; J. Attamah; O. Kemen; (c) M. Thiam; M. Pektemek
21/22,Round 32,09/04/22,Beşiktaş,Alanyaspor,4,1,6.92,6.47,3-4-3,4-1-4-1,E. Destanoğlu; Welinton; (c) D. Vida; F. Montero; V. Rosier; Souza; C. Bozdoğan; R. Yılmaz; R. Ghezzal; M. Batshuayi; A. Teixeira,Marafona; Juanfran; F. Bayır; F. Aksoy; C. Borja; J. Novais; (c) E. Karaca; U. Güneş; E. Bekiroğlu; T. Bingöl; D. Candeias
21/22,Round 32,09/04/22,Gaziantep,Trabzonspor,0,0,7.2,7.15,3-5-2,4-2-3-1,(c) G. Güvenç; E. Ersoy; S. Caulker; A. Toșca; S. Kitsiou; F. Soyalp; D. Erdoğan; A. Maxim; Á. Sagal; J. Figueiredo; M. Demir,(c) U. Çakır; B. Peres; H. Türkmen; V. Hugo; S. Denswil; M. Hamšík; D. Toköz; E. Višća; A. Ömür; A. N. Nwakaeme; A. Cornelius
21/22,Round 32,10/04/22,Yeni Malatyaspor,Giresunspor,0,1,6.71,7.1,4-1-4-1,4-2-3-1,(c) E. Özbir; K. Özer; P. G. Awuku; G. Campi; K. Hafez; O. Azubuike; N. Dicko; G. Donsah; J. Nshimirimana; M. Eskihellaç; B. Tetteh,O. Kocuk; H. Bilazer; (c) M. Diarra; A. Pérez; A. Behich; H. Traoré; Flávio; M. S. Suleymanov; Chiquinho; F. Diabaté; M. U. Nayir
21/22,Round 32,10/04/22,Adana DS,Altay,3,1,7.0,6.6,4-2-3-1,5-4-1,A. Murić; J. Svensson; S. Akaydın; T. T. Sanuç; J. K. Rassoul; (c) G. Inler; B. Stambouli; Y. Akgün; Y. Belhanda; D. Babajide; B. Assombalonga,M. Lis; C. Karayel; K. Thiam; E. Björkander; M. Naderi; K. Karataş; E. Erdoğan; (c) C. Gülselam; A. B. Poko; M. Rodríguez; D. K. Bamba
21/22,Round 32,10/04/22,Sivasspor,Başakşehir,0,2,6.86,7.08,4-3-3,4-1-4-1,A. Ş. Vural; A. Oğuz; D. Goutas; C. Osmanpaşa; U. Çiftçi; (c) H. Arslan; F. Ulvestad; F. Fajr; E. Yeşilyurt; M. Yatabaré; M. Gradel,V. Babacan; J. Caiçara; L. Duarte; A. Epureanu; L. Lima; T. Ciğerci; D. Türüç; (c) M. Tekdemir; D. Aleksić; M. Trézéguet; S. Okaka
21/22,Round 32,10/04/22,Fenerbahçe,Galatasaray,2,0,7.03,6.5,4-2-3-1,4-1-4-1,(c) A. Bayındır; B. Osayi-Samuel; S. Aziz; M. Kim; F. Kadıoğlu; M. Crespo; M. Zajc; İ. C. Kahveci; M. H. Yandaş; D. Rossi; S. Dursun,(c) F. Muslera; O. Elabdellaoui; V. Nelsson; Marcão; P. v. Aanholt; T. Antalyalı; R. Babel; A. Cicâldău; B. Kutlu; K. Aktürkoğlu; B. Gomis
21/22,Round 32,11/04/22,Antalyaspor,Hatayspor,4,1,7.06,6.49,4-2-3-1,4-2-3-1,R. Boffin; S. Floranus; V. Sarı; Naldo; G. Vural; (c) H. Özmert; Fernando; A. Ndao; L. Adriano; D. Sinik; H. Wright,M. Mohamedi; K. A. Çörekçi; F. Kurucuk; B. Öksüz; S. Adekugbe; O. Ergün; R. Ribeiro; A. E. Kaabi; Y. Benzia; S. Lobjanidze; (c) M. B. Diouf
21/22,Round 31,02/04/22,Giresunspor,Sivasspor,2,2,6.88,6.95,4-1-4-1,4-3-3,O. Kocuk; H. Bilazer; (c) M. Diarra; A. Pérez; A. Behich; H. Traoré; F. Diabaté; Chiquinho; Flávio; M. Gümüşkaya; M. U. Nayir,A. Ş. Vural; E. Yeşilyurt; D. Goutas; C. Osmanpaşa; U. Çiftçi; (c) H. Arslan; F. Ulvestad; F. Fajr; O. Kayode; M. Yatabaré; M. Gradel
21/22,Round 31,02/04/22,Altay,Antalyaspor,1,2,6.77,6.79,4-1-4-1,4-2-3-1,M. Lis; C. Karayel; (c) İ. Öztürk; M. Akça; Ö. Özkaya; Thaciano; D. K. Bamba; Z. Yildirim; C. Pinares; M. Rodríguez; A. Y. Rayan,R. Boffin; B. Balcı; Naldo; F. Kudryashov; G. Vural; (c) H. Özmert; Fernando; S. Gümüş; L. Adriano; A. Ndao; H. Wright
21/22,Round 31,02/04/22,Kayserispor,Fenerbahçe,0,4,6.56,7.06,4-1-4-1,4-2-3-1,S. Lung Jr.; O. Bulut; M. Çetin; M. Hosseini; L. Carole; (c) Campanharo; E. Başsan; A. Parmak; O. Kemen; M. Cardoso; M. Gavranović,(c) A. Bayındır; B. Osayi-Samuel; S. Aziz; M. Kim; F. Novák; M. Crespo; M. Zajc; M. H. Yandaş; İ. C. Kahveci; D. Rossi; S. Dursun
21/22,Round 31,02/04/22,Galatasaray,Karagümrük,2,0,7.06,6.67,4-1-4-1,4-1-4-1,(c) F. Muslera; Ö. Bayram; V. Nelsson; Marcão; P. v. Aanholt; T. Antalyalı; R. Babel; A. Cicâldău; B. Kutlu; K. Aktürkoğlu; B. Gomis,E. Viviano; S. Dursun; D. Biraschi; D. Luckassen; J. Balkovec; (c) L. Biglia; E. Mor; K. Bistrović; A. Touré; J. Durmaz; A. Pešić
21/22,Round 31,03/04/22,Kasımpaşa,Gaziantep,2,1,6.63,6.69,4-1-4-1,3-5-2,(c) E. Taşkıran; F. Hadergjonaj; U. Spajić; T. Serbest; M. B. Ouanes; R. Aabid; J. Muleka; H. Hajradinović; V. Eysseric; A. Engin; U. Bozok,(c) G. Güvenç; P. Djilobodji; S. Caulker; A. Toșca; S. Kitsiou; F. Soyalp; D. Erdoğan; R. Niyaz; Á. Sagal; J. Figueiredo; M. Demir
21/22,Round 31,03/04/22,Alanyaspor,Rizespor,2,1,6.83,6.76,4-3-3,4-2-3-1,Marafona; Juanfran; F. Bayır; F. Aksoy; C. Borja; E. Akbaba; J. Novais; E. Bekiroğlu; (c) E. Karaca; D. Candeias; T. Bingöl,G. Akkan; (c) G. Gönül; S. Holmén; C. Ponck; C. Sertel; L. Phiri; G. Fernandes; T. Boyd; E. Sabo; A. Potuk; J. Pohjanpalo
21/22,Round 31,03/04/22,Konyaspor,Göztepe,3,0,7.11,6.39,4-2-3-1,4-2-3-1,(c) I. Šehić; N. Skubic; A. Demirbağ; A. Bardakcı; G. H. Sityá; O. Ülgün; A. Hadžiahmetović; A. d. Silva; E. Çekiçi; Z. Bytyqi; S. Cikalleshi,K. Pirić; M. Paluli; D. Arslanagić; K. Demirtaş; B. Emir; O. Nwobodo; S. Aydoğdu; (c) H. Akbunar; A. Kara; C. Ndiaye; A. Jahović
21/22,Round 31,03/04/22,Trabzonspor,Beşiktaş,1,1,6.81,6.65,4-1-4-1,5-4-1,(c) U. Çakır; D. Toköz; H. Türkmen; S. Denswil; T. Puchacz; M. Siopis; E. Višća; A. Bakasetas; A. Ömür; A. N. Nwakaeme; T. Djaniny,E. Destanoğlu; V. Rosier; Welinton; (c) D. Vida; F. Montero; R. Yılmaz; R. Ghezzal; Souza; C. Bozdoğan; A. Teixeira; M. Batshuayi
21/22,Round 31,04/04/22,Başakşehir,Yeni Malatyaspor,1,0,7.0,6.97,4-1-4-1,4-1-4-1,V. Babacan; J. Caiçara; L. Duarte; (c) A. Epureanu; L. Lima; T. Ciğerci; D. Türüç; D. Aleksić; B. Özcan; M. Trézéguet; S. Okaka,(c) E. Özbir; K. Özer; O. Haddadi; G. Campi; K. Hafez; O. Azubuike; M. Eskihellaç; N. Dicko; G. Donsah; M. Chouiar; B. Tetteh
21/22,Round 31,04/04/22,Hatayspor,Adana DS,0,0,6.96,6.92,4-1-4-1,4-2-3-1,M. Mohamedi; K. A. Çörekçi; F. Kurucuk; B. Öksüz; S. Adekugbe; I. Sackey; A. E. Kaabi; Y. Benzia; M. Boudjemaa; S. Lobjanidze; (c) M. B. Diouf,A. Murić; J. Svensson; S. Akaydın; T. T. Sanuç; J. K. Rassoul; (c) G. Inler; B. Stambouli; D. Babajide; B. Bjarnason; M. Vargas; M. Balotelli
21/22,Round 30,18/03/22,Karagümrük,Kayserispor,3,0,7.19,6.71,4-1-4-1,4-1-4-1,E. Viviano; S. Dursun; D. Biraschi; B. Bekaroğlu; J. Balkovec; (c) L. Biglia; E. Mor; K. Bistrović; A. Touré; J. Durmaz; A. Pešić,B. Bayazit; O. Bulut; (c) U. Demirok; M. Hosseini; M. Cardoso; İ. Akdağ; R. Civelek; A. Bertolacci; A. Parmak; M. Thiam; M. Gavranović
21/22,Round 30,18/03/22,Rizespor,Trabzonspor,3,2,6.66,6.64,4-2-3-1,4-2-3-1,G. Akkan; E. Sabo; S. Holmén; C. Ponck; C. Sertel; G. Fernandes; L. Phiri; T. Boyd; (c) F. Boldrin; A. Potuk; P. D. Cissé,E. Kardeşler; B. Peres; S. Denswil; A. Kaplan; İ. Köybaşı; D. Toköz; M. Siopis; E. Višća; (c) A. Ömür; A. N. Nwakaeme; T. Djaniny
21/22,Round 30,19/03/22,Yeni Malatyaspor,Kasımpaşa,0,2,6.64,7.21,4-1-4-1,4-1-4-1,E. Özbir; M. Zeffane; (c) S. Çiftpınar; G. Campi; O. Haddadi; O. Azubuike; M. Eskihellaç; G. Donsah; B. Çağıran; N. Dicko; B. Tetteh,E. Taşkıran; F. Hadergjonaj; (c) R. Donk; U. Spajić; M. B. Ouanes; D. Haspolat; J. Muleka; H. Hajradinović; V. Eysseric; A. Mabil; U. Bozok
21/22,Round 30,19/03/22,Adana DS,Başakşehir,2,1,6.92,6.79,4-2-3-1,4-1-4-1,A. Murić; J. Svensson; S. Akaydın; T. T. Sanuç; A. Uludağ; (c) G. Inler; B. Stambouli; D. Babajide; Y. Akgün; M. Vargas; B. Assombalonga,(c) V. Babacan; Ş. Özbayraklı; L. Duarte; Y. Ndayishimiye; L. Lima; S. Uçan; D. Türüç; N. Chadli; B. Özcan; M. Trézéguet; S. Okaka
21/22,Round 30,19/03/22,Göztepe,Alanyaspor,0,2,6.51,7.09,4-2-3-1,4-3-3,İ. C. Eğribayat; K. Alıcı; D. Arslanagić; A. Çankaya; K. Demirtaş; O. Nwobodo; S. Aydoğdu; (c) H. Akbunar; O. Tannane; C. Ndiaye; F. Di Santo,Marafona; Juanfran; N. Milunović; C. Awaziem; C. Borja; E. Akbaba; J. Novais; E. Bekiroğlu; (c) E. Karaca; O. Aydın; D. Candeias
21/22,Round 30,19/03/22,Beşiktaş,Hatayspor,1,1,6.84,7.0,4-2-3-1,4-2-3-1,E. Bilgin; V. Rosier; (c) N. Uysal; D. Vida; R. Yılmaz; C. Bozdoğan; Souza; R. Ghezzal; G. Yalçın; C. Larin; M. Batshuayi,M. Mohamedi; K. A. Çörekçi; I. Sackey; B. Öksüz; S. Adekugbe; O. Ergün; M. Boudjemaa; A. E. Kaabi; R. Ribeiro; S. Lobjanidze; (c) M. B. Diouf
21/22,Round 30,20/03/22,Antalyaspor,Giresunspor,4,1,7.08,6.42,4-2-3-1,4-1-4-1,R. Boffin; S. Floranus; (c) V. Sarı; Naldo; G. Vural; A. Poli; Fernando; A. Ndao; L. Adriano; D. Sinik; H. Wright,O. Kocuk; H. Bilazer; (c) M. Diarra; A. Pérez; A. Behich; H. Traoré; M. S. Suleymanov; M. Gümüşkaya; Chiquinho; Serginho; M. U. Nayir
21/22,Round 30,20/03/22,Sivasspor,Altay,2,1,6.97,6.56,4-3-3,4-1-4-1,A. Ş. Vural; A. Oğuz; D. Goutas; C. Osmanpaşa; (c) Z. Erdal; H. Arslan; F. Ulvestad; F. Fajr; S. Yılmaz; O. Kayode; M. Gradel,M. Lis; C. Karayel; (c) İ. Öztürk; M. Akça; M. Naderi; Thaciano; L. Kappel; A. B. Poko; C. Pinares; M. Rodríguez; M. Paixão
21/22,Round 30,20/03/22,Gaziantep,Galatasaray,3,1,7.29,6.55,3-5-2,4-1-4-1,(c) G. Güvenç; P. Djilobodji; S. Caulker; A. Toșca; S. Kitsiou; R. Niyaz; D. Erdoğan; A. Maxim; Á. Sagal; M. Demir; J. Figueiredo,(c) F. Muslera; S. Kaya; V. Nelsson; Marcão; P. v. Aanholt; T. Antalyalı; O. Moruțan; B. Kutlu; E. Kılınç; K. Aktürkoğlu; B. Gomis
21/22,Round 30,20/03/22,Fenerbahçe,Konyaspor,2,1,7.2,6.69,4-2-3-1,4-2-3-1,A. Bayındır; B. Osayi-Samuel; S. Aziz; M. Kim; A. Szalai; M. Crespo; M. Zajc; İ. C. Kahveci; (c) M. Özil; D. Rossi; S. Dursun,(c) I. Šehić; N. Skubic; M. Çağıran; A. Demirbağ; G. H. Sityá; S. Dikmen; A. Hadžiahmetović; A. d. Silva; E. Çekiçi; Z. Bytyqi; S. Cikalleshi
21/22,Round 29,12/03/22,Hatayspor,Karagümrük,3,0,7.31,6.41,4-2-3-1,4-1-4-1,M. Mohamedi; K. A. Çörekçi; I. Sackey; B. Öksüz; S. Adekugbe; O. Ergün; M. Boudjemaa; A. E. Kaabi; R. Ribeiro; S. Lobjanidze; (c) M. B. Diouf,E. Viviano; S. Dursun; D. Biraschi; J. Balkovec; C. Erkin; (c) L. Biglia; K. Bistrović; A. Uğur; A. Touré; Y. Salibur; A. Musa
21/22,Round 29,12/03/22,Altay,Yeni Malatyaspor,1,0,6.87,6.68,4-1-4-1,4-2-3-1,M. Lis; C. Karayel; (c) İ. Öztürk; M. Akça; K. Karataş; Thaciano; L. Kappel; A. B. Poko; C. Pinares; M. Rodríguez; M. Paixão,(c) E. Özbir; M. Zeffane; O. Haddadi; G. Campi; K. Hafez; J. Nshimirimana; O. Azubuike; M. Eskihellaç; K. Özer; M. Chouiar; N. Dicko
21/22,Round 29,12/03/22,Kasımpaşa,Rizespor,3,1,7.15,6.62,4-1-4-1,4-2-3-1,E. Taşkıran; F. Hadergjonaj; (c) R. Donk; T. Serbest; M. B. Ouanes; D. Haspolat; M. Fall; H. Hajradinović; V. Eysseric; A. Mabil; J. Muleka,G. Akkan; F. Baiano; (c) S. Ay; S. Holmén; E. Albayrak; L. Phiri; G. Fernandes; T. Boyd; F. Boldrin; Y. Bolasie; P. D. Cissé
21/22,Round 29,12/03/22,Trabzonspor,Göztepe,4,2,7.21,6.52,4-2-3-1,4-5-1,(c) U. Çakır; B. Peres; S. Denswil; A. Kaplan; A. Trondsen; B. A. Özdemir; M. Siopis; E. Višća; A. Ömür; A. N. Nwakaeme; A. Cornelius,İ. C. Eğribayat; K. Alıcı; D. Arslanagić; W. Ángel; B. Emir; (c) H. Akbunar; S. Aydoğdu; O. Nwobodo; A. Kara; C. Ndiaye; F. Di Santo
21/22,Round 29,13/03/22,Kayserispor,Konyaspor,2,3,6.76,6.93,4-4-2,4-2-3-1,B. Bayazit; O. Bulut; (c) U. Demirok; M. Hosseini; L. Carole; C. Mané; J. Attamah; A. Parmak; M. Cardoso; M. Pektemek; M. Gavranović,(c) I. Šehić; N. Skubic; A. Demirbağ; A. Bardakcı; G. H. Sityá; S. Dikmen; A. Hadžiahmetović; A. d. Silva; A. Rahmanović; Z. Bytyqi; S. Cikalleshi
21/22,Round 29,13/03/22,Adana DS,Sivasspor,2,3,6.49,6.87,4-2-3-1,4-1-4-1,A. Murić; J. Svensson; S. Akaydın; T. T. Sanuç; K. Kanak; S. Kurt; (c) B. Stambouli; Y. Akgün; B. Bjarnason; M. Vargas; M. Balotelli,A. Ş. Vural; E. Yeşilyurt; D. Goutas; C. Osmanpaşa; (c) Z. Erdal; H. Arslan; P. Henrique; F. Ulvestad; F. Fajr; M. Gradel; O. Kayode
21/22,Round 29,13/03/22,Alanyaspor,Fenerbahçe,2,5,6.65,7.27,3-4-2-1,4-2-3-1,Marafona; C. Awaziem; N. Milunović; F. Bayır; Juanfran; J. Novais; U. Güneş; T. Bingöl; E. Akbaba; E. Bekiroğlu; (c) E. Karaca,A. Bayındır; O. Tufan; S. Aziz; M. Kim; A. Szalai; M. Crespo; M. Zajc; B. Osayi-Samuel; (c) M. Özil; D. Rossi; S. Dursun
21/22,Round 29,14/03/22,Başakşehir,Antalyaspor,0,1,6.8,7.0,4-1-4-1,4-2-3-1,(c) V. Babacan; J. Caiçara; L. Duarte; R. Tagir; H. A. Kaldırım; T. Ciğerci; S. Gürler; D. Aleksić; Pizzi; Ö. A. Şahiner; N. Chadli,R. Boffin; B. Balcı; (c) V. Sarı; F. Kudryashov; G. Vural; A. Poli; Fernando; A. Ndao; L. Adriano; D. Sinik; H. Wright
21/22,Round 29,14/03/22,Galatasaray,Beşiktaş,2,1,6.83,6.71,4-1-4-1,4-2-3-1,I. Peña; O. Elabdellaoui; V. Nelsson; Marcão; P. v. Aanholt; T. Antalyalı; E. Kılınç; (c) S. Feghouli; B. Kutlu; K. Aktürkoğlu; M. Mohamed,E. Destanoğlu; V. Rosier; N. Uysal; D. Vida; U. Meraş; C. Bozdoğan; (c) A. Hutchinson; R. Ghezzal; A. Teixeira; K. Karaman; G. Yalçın
21/22,Round 29,14/03/22,Giresunspor,Gaziantep,2,1,6.81,6.84,4-2-3-1,3-5-2,O. Kocuk; H. Bilazer; (c) M. Diarra; A. Pérez; A. Behich; H. Traoré; Flávio; Serginho; Chiquinho; M. Gümüşkaya; M. U. Nayir,(c) G. Güvenç; P. Djilobodji; S. Caulker; A. Toșca; O. Ceylan; F. Soyalp; A. Vetrih; A. Maxim; Á. Sagal; M. Demir; J. Figueiredo
21/22,Round 28,04/03/22,Yeni Malatyaspor,Adana DS,1,0,7.19,6.81,4-1-4-1,4-2-3-1,(c) E. Özbir; M. Zeffane; O. Haddadi; G. Campi; K. Hafez; O. Azubuike; M. Eskihellaç; J. Nshimirimana; B. Çağıran; M. Chouiar; N. Dicko,A. Murić; J. Svensson; S. Akaydın; T. T. Sanuç; K. Kanak; (c) G. Inler; B. Stambouli; Y. Akgün; B. Bjarnason; M. Vargas; M. Balotelli
21/22,Round 28,05/03/22,Rizespor,Giresunspor,1,2,6.89,6.7,4-1-4-1,4-2-3-1,(c) G. Akkan; E. Albayrak; S. Holmén; C. Ponck; C. Sertel; B. Dabo; Y. Sarı; G. Fernandes; R. Mendes; T. Boyd; J. Pohjanpalo,O. Kocuk; H. Bilazer; (c) M. Diarra; A. Pérez; A. Behich; H. Traoré; Flávio; Serginho; Chiquinho; M. Gümüşkaya; M. U. Nayir
21/22,Round 28,05/03/22,Göztepe,Kasımpaşa,2,3,6.6,6.83,3-4-3,4-1-4-1,İ. C. Eğribayat; D. Arslanagić; (c) A. Nukan; W. Ángel; K. Alıcı; O. Nwobodo; A. Kara; F. Moubandje; O. Tannane; C. Ndiaye; F. Di Santo,E. Taşkıran; F. Hadergjonaj; (c) R. Donk; T. Serbest; E. Elmalı; D. Haspolat; M. Fall; H. Hajradinović; V. Eysseric; M. B. Ouanes; J. Muleka
21/22,Round 28,05/03/22,Konyaspor,Galatasaray,2,0,7.15,6.69,4-2-3-1,4-2-3-1,(c) I. Šehić; N. Skubic; A. Demirbağ; A. Bardakcı; G. H. Sityá; S. Dikmen; A. Hadžiahmetović; A. d. Silva; A. Rahmanović; Z. Bytyqi; A. Hassan,I. Peña; S. Boey; V. Nelsson; (c) Marcão; P. v. Aanholt; B. Kutlu; E. Pulgar; E. Kılınç; A. Cicâldău; K. Aktürkoğlu; B. Gomis
21/22,Round 28,06/03/22,Karagümrük,Altay,0,0,7.06,6.71,4-1-4-1,4-1-4-1,E. Viviano; S. Dursun; D. Biraschi; J. Balkovec; C. Erkin; (c) L. Biglia; E. Mor; K. Bistrović; M. Mercan; J. Durmaz; A. Musa,M. Lis; C. Karayel; E. Björkander; M. Akça; M. Naderi; Thaciano; L. Kappel; A. B. Poko; (c) C. Pinares; M. Rodríguez; D. Kadah
21/22,Round 28,06/03/22,Antalyaspor,Sivasspor,1,0,6.92,6.69,4-2-3-1,4-3-3,R. Boffin; S. Floranus; V. Sarı; Naldo; G. Vural; (c) H. Özmert; Fernando; A. Ndao; A. Mehmedi; D. Sinik; L. Adriano,A. Ş. Vural; A. Oğuz; D. Goutas; C. Osmanpaşa; U. Çiftçi; (c) H. Arslan; I. Cofie; K. A. Kesgin; P. Henrique; M. Yatabaré; M. Gradel
21/22,Round 28,06/03/22,Fenerbahçe,Trabzonspor,1,1,6.6,6.91,4-2-3-1,4-1-4-1,(c) A. Bayındır; B. Osayi-Samuel; S. Aziz; M. Kim; A. Szalai; M. Crespo; M. Zajc; İ. C. Kahveci; M. H. Yandaş; D. Rossi; S. Dursun,(c) U. Çakır; B. Peres; S. Denswil; A. Kaplan; T. Puchacz; M. Siopis; E. Višća; A. Bakasetas; A. Ömür; A. N. Nwakaeme; A. Cornelius
21/22,Round 28,07/03/22,Beşiktaş,Başakşehir,2,2,6.79,6.66,4-2-3-1,4-1-4-1,E. Destanoğlu; V. Rosier; S. Saatçı; Welinton; U. Meraş; C. Bozdoğan; (c) A. Hutchinson; R. Ghezzal; A. Teixeira; K. Karaman; G. Yalçın,(c) V. Babacan; J. Caiçara; L. Duarte; R. Tagir; H. A. Kaldırım; T. Ciğerci; S. Gürler; D. Aleksić; B. Özcan; M. Trézéguet; S. Okaka
21/22,Round 28,07/03/22,Gaziantep,Hatayspor,2,2,6.82,6.72,3-5-2,4-2-3-1,M. B. Bozan; (c) P. Djilobodji; S. Caulker; A. Toșca; O. Ceylan; F. Soyalp; D. Erdoğan; R. Niyaz; Á. Sagal; J. Figueiredo; A. Maxim,M. Mohamedi; S. Bas; I. Sackey; B. Öksüz; S. Adekugbe; O. Ergün; M. Boudjemaa; A. E. Kaabi; R. Ribeiro; S. Lobjanidze; (c) M. B. Diouf
21/22,Round 28,07/03/22,Kayserispor,Alanyaspor,1,2,6.59,7.02,4-1-4-1,3-4-2-1,C. Gönen; O. Bulut; (c) U. Demirok; M. Çetin; L. Carole; İ. Akdağ; M. Cardoso; A. Bertolacci; A. Parmak; C. Mané; M. Gavranović,S. Kırıntılı; C. Awaziem; N. Milunović; M. Mevlja; T. Bingöl; L. Fer; U. Güneş; C. Borja; (c) E. Karaca; E. Bekiroğlu; O. Aydın
21/22,Round 27,25/02/22,Adana DS,Antalyaspor,0,0,6.91,6.94,4-2-3-1,4-2-3-1,A. Murić; J. Svensson; S. Akaydın; T. T. Sanuç; A. Uludağ; (c) G. Inler; D. Djoković; Y. Akgün; Y. Belhanda; M. Vargas; M. Balotelli,R. Boffin; S. Floranus; V. Sarı; Naldo; G. Vural; (c) H. Özmert; Fernando; A. Ndao; A. Mehmedi; D. Sinik; L. Adriano
21/22,Round 27,25/02/22,Trabzonspor,Kayserispor,3,2,7.08,6.78,4-2-3-1,4-5-1,(c) U. Çakır; B. Peres; A. Kaplan; V. Hugo; T. Puchacz; A. Ömür; M. Siopis; E. Višća; A. Bakasetas; A. N. Nwakaeme; A. Cornelius,S. Lung Jr.; O. Bulut; M. Hosseini; M. Çetin; L. Carole; M. Cardoso; R. Civelek; A. Parmak; J. Attamah; (c) M. Thiam; M. Gavranović
21/22,Round 27,26/02/22,Başakşehir,Karagümrük,1,2,6.75,6.83,4-1-4-1,4-4-1-1,V. Babacan; J. Caiçara; L. Duarte; (c) A. Epureanu; H. A. Kaldırım; T. Ciğerci; S. Gürler; Pizzi; B. Özcan; M. Trézéguet; S. Okaka,E. Viviano; S. Dursun; B. Bekaroğlu; J. Balkovec; C. Erkin; E. Mor; (c) L. Biglia; A. Touré; F. Borini; K. Bistrović; A. Musa
21/22,Round 27,26/02/22,Sivasspor,Beşiktaş,2,3,7.04,6.91,4-3-3,4-2-3-1,M. Yıldırım; C. Osmanpaşa; D. Goutas; S. Camara; U. Çiftçi; (c) H. Arslan; I. Cofie; F. Fajr; P. Henrique; M. Yatabaré; E. Yeşilyurt,E. Destanoğlu; V. Rosier; Welinton; F. Montero; U. Meraş; N. Uysal; (c) A. Hutchinson; R. Ghezzal; A. Teixeira; K. Karaman; M. Batshuayi
21/22,Round 27,27/02/22,Altay,Gaziantep,3,2,6.75,6.69,4-1-4-1,3-5-2,M. Lis; C. Karayel; E. Björkander; M. Akça; M. Naderi; Thaciano; L. Kappel; A. B. Poko; (c) C. Pinares; M. Rodríguez; D. Kadah,(c) G. Güvenç; P. Djilobodji; S. Caulker; A. Toșca; O. Ceylan; A. Merkel; D. Erdoğan; F. Soyalp; Á. Sagal; J. Figueiredo; A. Maxim
21/22,Round 27,27/02/22,Giresunspor,Göztepe,3,1,6.99,6.61,4-4-1-1,3-4-2-1,O. Kocuk; (c) Z. Yavru; M. Diarra; A. Pérez; A. Behich; Serginho; Chiquinho; Flávio; M. Gümüşkaya; F. Diabaté; M. U. Nayir,İ. C. Eğribayat; A. Çankaya; A. Nukan; W. Ángel; K. Alıcı; O. Nwobodo; S. Aydoğdu; B. Emir; C. Ndiaye; (c) H. Akbunar; O. Tannane
21/22,Round 27,27/02/22,Alanyaspor,Konyaspor,5,1,6.94,6.44,4-1-4-1,4-2-3-1,Marafona; Juanfran; F. Bayır; F. Aksoy; T. Bingöl; J. Novais; (c) E. Karaca; E. Akbaba; U. Güneş; D. Candeias; F. Diédhiou,(c) I. Šehić; N. Skubic; A. Demirbağ; A. Bardakcı; G. H. Sityá; A. Rahmanović; P. Mpoku; A. d. Silva; S. Dikmen; Z. Bytyqi; A. Hassan
21/22,Round 27,27/02/22,Hatayspor,Yeni Malatyaspor,5,2,7.07,6.46,4-2-3-1,4-3-3,M. Mohamedi; K. A. Çörekçi; I. Sackey; S. Falette; S. Adekugbe; O. Ergün; R. Ribeiro; A. E. Kaabi; Y. Benzia; S. Bas; (c) M. B. Diouf,(c) E. Özbir; M. Zeffane; B. Başdaş; G. Campi; O. Haddadi; D. N'Dong; O. Azubuike; B. Çağıran; M. Eskihellaç; N. Dicko; K. Hafez
21/22,Round 27,27/02/22,Galatasaray,Rizespor,4,2,7.11,6.52,4-2-3-1,4-2-3-1,I. Peña; O. Elabdellaoui; V. Nelsson; (c) Marcão; P. v. Aanholt; B. Kutlu; T. Antalyalı; E. Kılınç; A. Cicâldău; K. Aktürkoğlu; M. Mohamed,T. Çetin; F. Baiano; S. Holmén; C. Ponck; E. Albayrak; L. Phiri; G. Fernandes; Y. Sarı; (c) F. Boldrin; T. Boyd; J. Pohjanpalo
21/22,Round 27,28/02/22,Kasımpaşa,Fenerbahçe,1,2,6.79,6.85,4-1-4-1,4-2-3-1,(c) E. Taşkıran; F. Hadergjonaj; U. Spajić; T. Serbest; E. Elmalı; D. Haspolat; M. Fall; H. Hajradinović; V. Eysseric; M. B. Ouanes; U. Bozok,(c) A. Bayındır; B. Osayi-Samuel; S. Aziz; M. Kim; A. Szalai; M. Crespo; M. Zajc; A. Güler; İ. C. Kahveci; D. Rossi; M. Berisha
21/22,Round 26,18/02/22,Rizespor,Başakşehir,0,2,6.79,6.98,4-2-3-1,4-1-4-1,T. Çetin; (c) G. Gönül; S. Holmén; C. Ponck; C. Sertel; F. Baiano; E. Sabo; F. Boldrin; G. Fernandes; Y. Sarı; J. Pohjanpalo,(c) V. Babacan; J. Caiçara; L. Duarte; Y. Ndayishimiye; H. A. Kaldırım; T. Ciğerci; S. Gürler; Pizzi; B. Özcan; M. Trézéguet; S. Okaka
21/22,Round 26,18/02/22,Konyaspor,Kasımpaşa,4,4,6.62,6.69,4-2-3-1,4-1-4-1,(c) I. Šehić; N. Skubic; A. Demirbağ; A. Bardakcı; G. H. Sityá; A. Hadžiahmetović; S. Dikmen; A. d. Silva; A. Rahmanović; Z. Bytyqi; A. Hassan,E. Taşkıran; F. Hadergjonaj; (c) R. Donk; U. Spajić; E. Elmalı; D. Haspolat; M. Fall; R. Aabid; V. Eysseric; M. B. Ouanes; U. Bozok
21/22,Round 26,19/02/22,Yeni Malatyaspor,Antalyaspor,1,2,6.77,6.78,4-2-3-1,4-2-3-1,E. Özbir; M. Zeffane; (c) S. Çiftpınar; G. Campi; O. Haddadi; G. Donsah; O. Azubuike; M. Eskihellaç; K. Özer; M. Chouiar; N. Dicko,R. Boffin; B. Balcı; Naldo; F. Kudryashov; G. Vural; A. Poli; Fernando; A. Ndao; (c) Fredy; D. Sinik; L. Adriano
21/22,Round 26,19/02/22,Kayserispor,Giresunspor,2,1,6.84,6.69,4-5-1,4-2-3-1,B. Bayazit; O. Bulut; M. Hosseini; M. Çetin; L. Carole; M. Cardoso; İ. Akdağ; A. Parmak; A. Bertolacci; (c) M. Thiam; M. Gavranović,O. Kocuk; (c) Z. Yavru; S. Piçinciol; M. Diarra; A. Behich; H. Traoré; Flávio; Serginho; Chiquinho; F. Diabaté; S. Doukara
21/22,Round 26,19/02/22,Beşiktaş,Altay,1,0,7.11,6.85,4-2-3-1,4-1-4-1,E. Destanoğlu; K. Kalafat; Welinton; D. Vida; U. Meraş; Souza; (c) N. Uysal; R. Ghezzal; A. Teixeira; K. Karaman; G. Yalçın,M. Lis; C. Karayel; E. Björkander; (c) İ. Öztürk; Ö. Özkaya; Thaciano; L. Kappel; Z. Yildirim; C. Pinares; K. Karataş; D. Kadah
21/22,Round 26,20/02/22,Gaziantep,Adana DS,0,3,6.71,7.18,3-5-2,4-2-3-1,(c) G. Güvenç; P. Djilobodji; E. Ersoy; S. Caulker; S. Kitsiou; F. Soyalp; A. Vetrih; R. Niyaz; H. Mendyl; M. Demir; Á. Sagal,A. Murić; J. Svensson; S. Akaydın; T. T. Sanuç; K. Kanak; (c) G. Inler; B. Stambouli; Y. Akgün; Y. Belhanda; M. Vargas; B. Assombalonga
21/22,Round 26,20/02/22,Alanyaspor,Trabzonspor,0,4,6.52,7.09,4-1-4-1,4-2-3-1,Marafona; Juanfran; N. Milunović; F. Aksoy; C. Borja; J. Novais; (c) E. Karaca; E. Akbaba; E. Bekiroğlu; D. Candeias; W. Eduardo,(c) U. Çakır; B. Peres; A. Kaplan; V. Hugo; T. Puchacz; D. Toköz; M. Siopis; E. Višća; A. Bakasetas; A. N. Nwakaeme; A. Cornelius
21/22,Round 26,20/02/22,Karagümrük,Sivasspor,1,0,6.94,6.7,4-4-1-1,4-1-4-1,E. Viviano; S. Dursun; D. Luckassen; B. Bekaroğlu; C. Erkin; E. Mor; K. Bistrović; (c) L. Biglia; J. Durmaz; F. Borini; A. Musa,M. Yıldırım; E. Yeşilyurt; D. Goutas; C. Osmanpaşa; (c) U. Çiftçi; I. Cofie; P. Henrique; J. Félix; F. Fajr; M. Gradel; O. Kayode
21/22,Round 26,20/02/22,Fenerbahçe,Hatayspor,2,0,7.2,6.48,4-3-3,4-2-3-1,A. Bayındır; (c) O. Tufan; S. Aziz; M. Tisserand; Ç. Kurukalıp; M. Zajc; M. Crespo; A. Güler; B. Osayi-Samuel; S. Dursun; D. Rossi,(c) M. Mohamedi; K. A. Çörekçi; I. Sackey; B. Öksüz; S. Adekugbe; O. Ergün; R. Ribeiro; S. Lobjanidze; Y. Benzia; D. Saint-Louis; A. E. Kaabi
21/22,Round 26,21/02/22,Göztepe,Galatasaray,2,3,6.69,6.79,3-4-2-1,4-2-3-1,İ. C. Eğribayat; D. Arslanagić; A. Nukan; W. Ángel; K. Alıcı; O. Nwobodo; S. Aydoğdu; B. Emir; C. Ndiaye; (c) H. Akbunar; F. Di Santo,I. Peña; O. Elabdellaoui; V. Nelsson; Marcão; (c) Ö. Bayram; E. Pulgar; T. Antalyalı; R. Babel; H. Dervişoğlu; K. Aktürkoğlu; M. Mohamed
21/22,Round 25,11/02/22,Altay,Rizespor,0,0,6.76,6.95,4-3-3,4-1-4-1,M. Lis; T. Ünlü; E. Björkander; M. Akça; (c) Ö. Özkaya; Z. Yildirim; Thaciano; M. Rodríguez; L. Kappel; D. Kadah; K. Karataş,T. Çetin; S. Holmén; (c) S. Ay; C. Ponck; C. Sertel; F. Baiano; Y. Sarı; F. Boldrin; G. Fernandes; Y. Bolasie; J. Pohjanpalo
21/22,Round 25,12/02/22,Başakşehir,Gaziantep,2,0,6.97,6.83,4-1-4-1,3-5-2,V. Babacan; J. Caiçara; Y. Ndayishimiye; (c) A. Epureanu; H. A. Kaldırım; B. Özcan; S. Gürler; Pizzi; N. Chadli; M. Trézéguet; S. Okaka,(c) G. Güvenç; P. Djilobodji; E. Ersoy; A. Toșca; O. Ceylan; F. Soyalp; A. Vetrih; R. Niyaz; H. Mendyl; M. Demir; A. Maxim
21/22,Round 25,12/02/22,Giresunspor,Fenerbahçe,1,2,6.63,6.96,4-2-3-1,4-1-4-1,O. Kocuk; (c) Z. Yavru; M. Diarra; A. Pérez; A. Behich; H. Traoré; Flávio; Serginho; Chiquinho; F. Diabaté; M. U. Nayir,(c) A. Bayındır; N. Sangaré; M. Kim; A. Szalai; F. Kadıoğlu; J. Sosa; B. Osayi-Samuel; M. Zajc; M. H. Yandaş; D. Rossi; Enner Valencia
21/22,Round 25,12/02/22,Galatasaray,Kayserispor,1,1,7.06,6.83,4-1-4-1,4-4-1-1,I. Peña; S. Boey; V. Nelsson; Marcão; P. v. Aanholt; T. Antalyalı; R. Babel; (c) S. Feghouli; B. Kutlu; K. Aktürkoğlu; B. Gomis,B. Bayazit; O. Bulut; M. Hosseini; M. Çetin; L. Carole; R. Civelek; J. Attamah; İ. Akdağ; M. Cardoso; A. Bertolacci; (c) M. Pektemek
21/22,Round 25,13/02/22,Sivasspor,Yeni Malatyaspor,2,1,6.85,6.89,4-1-4-1,4-2-3-1,M. Yıldırım; E. Yeşilyurt; D. Goutas; C. Osmanpaşa; (c) U. Çiftçi; K. Altınay; P. Henrique; K. A. Kesgin; F. Fajr; M. Gradel; O. Kayode,E. Özbir; M. Zeffane; (c) S. Çiftpınar; G. Campi; O. Haddadi; O. Azubuike; G. Donsah; M. Eskihellaç; K. Özer; M. Chouiar; N. Dicko
21/22,Round 25,13/02/22,Antalyaspor,Karagümrük,3,0,7.23,6.59,4-2-3-1,4-1-4-1,D. Sousa; B. Balcı; Naldo; F. Kudryashov; S. Floranus; (c) H. Özmert; Fernando; A. Ndao; Fredy; D. Sinik; L. Adriano,E. Viviano; S. Dursun; D. Luckassen; E. Zukanović; C. Erkin; (c) L. Biglia; E. Mor; K. Bistrović; A. Touré; F. Borini; Y. Karamoh
21/22,Round 25,13/02/22,Kasımpaşa,Alanyaspor,2,2,6.87,6.77,4-1-4-1,4-1-4-1,E. Taşkıran; F. Hadergjonaj; (c) R. Donk; T. Serbest; E. Elmalı; D. Haspolat; M. Fall; H. Hajradinović; R. Aabid; A. Engin; U. Bozok,Marafona; Ç. K. Erciyas; F. Bayır; F. Aksoy; A. Gülay; J. Novais; (c) D. Candeias; E. Aydoğan; E. Bekiroğlu; O. Aydın; W. Eduardo
21/22,Round 25,13/02/22,Trabzonspor,Konyaspor,2,1,6.94,6.74,4-2-3-1,4-2-3-1,(c) U. Çakır; D. Toköz; S. Denswil; V. Hugo; T. Puchacz; A. Bakasetas; M. Siopis; E. Višća; A. Ömür; A. N. Nwakaeme; A. Cornelius,(c) I. Šehić; N. Skubic; A. Demirbağ; A. Bardakcı; G. H. Sityá; S. Dikmen; A. Hadžiahmetović; K. Michalak; A. Rahmanović; Z. Bytyqi; A. Hassan
21/22,Round 25,14/02/22,Adana DS,Beşiktaş,1,1,6.94,6.86,4-4-2,4-2-3-1,A. Murić; J. Svensson; S. Akaydın; T. T. Sanuç; K. Kanak; Y. Akgün; (c) G. Inler; B. Stambouli; M. Vargas; B. Bjarnason; M. Balotelli,E. Destanoğlu; K. Kalafat; Welinton; D. Vida; R. Yılmaz; N. Uysal; (c) A. Hutchinson; R. Ghezzal; A. Teixeira; C. Larin; M. Batshuayi
21/22,Round 25,14/02/22,Hatayspor,Göztepe,2,1,6.93,6.67,4-2-3-1,3-4-2-1,M. Mohamedi; K. A. Çörekçi; I. Sackey; B. Öksüz; S. Adekugbe; O. Ergün; R. Ribeiro; A. E. Kaabi; Y. Benzia; Kahraba; (c) M. B. Diouf,İ. C. Eğribayat; A. Çankaya; W. Ángel; K. Demirtaş; M. Paluli; A. Kara; S. Aydoğdu; F. Moubandje; D. Tijanič; (c) H. Akbunar; F. Di Santo
21/22,Round 24,04/02/22,Kayserispor,Hatayspor,4,3,6.71,6.59,4-4-2,4-2-3-1,S. Lung Jr.; O. Bulut; (c) U. Demirok; M. Çetin; L. Carole; E. Başsan; İ. Akdağ; A. Parmak; C. Mané; M. Gavranović; A. Bertolacci,M. Mohamedi; K. A. Çörekçi; I. Sackey; B. Öksüz; E. Kaplan; O. Ergün; M. Boudjemaa; S. Lobjanidze; A. Traoré; D. Saint-Louis; (c) M. B. Diouf
21/22,Round 24,04/02/22,Konyaspor,Giresunspor,1,0,6.99,6.8,4-2-3-1,4-2-3-1,E. Ersu; N. Skubic; A. Demirbağ; (c) A. Bardakcı; G. H. Sityá; S. Dikmen; A. Hadžiahmetović; K. Michalak; A. Rahmanović; A. d. Silva; A. Hassan,O. Kocuk; (c) Z. Yavru; M. Diarra; A. Pérez; A. Behich; H. Traoré; Flávio; M. S. Suleymanov; F. Diabaté; Serginho; M. U. Nayir
21/22,Round 24,05/02/22,Gaziantep,Sivasspor,5,1,7.07,6.37,3-4-1-2,4-1-4-1,(c) G. Güvenç; P. Djilobodji; E. Ersoy; A. Toșca; S. Kitsiou; F. Soyalp; A. Vetrih; H. I. Pehlivan; A. Maxim; J. Figueiredo; M. Demir,A. Ş. Vural; K. Altınay; D. Goutas; C. Osmanpaşa; (c) U. Çiftçi; I. Cofie; E. Yeşilyurt; K. A. Kesgin; F. Fajr; P. Henrique; M. Yatabaré
21/22,Round 24,05/02/22,Karagümrük,Yeni Malatyaspor,1,0,7.03,7.01,4-1-4-1,4-5-1,E. Viviano; S. Dursun; D. Biraschi; D. Luckassen; C. Erkin; (c) L. Biglia; E. Mor; K. Bistrović; A. Touré; A. Musa; F. Borini,E. Özbir; M. Zeffane; (c) S. Çiftpınar; G. Campi; K. Hafez; M. Eskihellaç; G. Donsah; O. Azubuike; R. Aabid; M. Chouiar; N. Dicko
21/22,Round 24,05/02/22,Trabzonspor,Kasımpaşa,1,0,7.02,6.68,4-2-3-1,4-1-4-1,(c) U. Çakır; B. Peres; S. Denswil; V. Hugo; T. Puchacz; D. Toköz; M. Siopis; E. Višća; A. Ömür; A. N. Nwakaeme; A. Cornelius,(c) E. Taşkıran; F. Hadergjonaj; T. Serbest; T. Břečka; E. Elmalı; D. Haspolat; M. B. Ouanes; H. Hajradinović; M. Trávník; A. Engin; U. Bozok
21/22,Round 24,05/02/22,Fenerbahçe,Başakşehir,0,1,6.81,7.08,4-2-3-1,4-1-4-1,B. Özer; N. Sangaré; M. Kim; A. Szalai; F. Kadıoğlu; (c) J. Sosa; M. Crespo; B. Osayi-Samuel; İ. C. Kahveci; D. Pelkas; M. Berisha,(c) V. Babacan; J. Caiçara; L. Duarte; Y. Ndayishimiye; H. A. Kaldırım; T. Ciğerci; D. Türüç; D. Aleksić; B. Özcan; N. Chadli; S. Okaka
21/22,Round 24,06/02/22,Alanyaspor,Galatasaray,1,1,6.83,6.68,4-1-4-1,4-2-3-1,Marafona; Juanfran; F. Bayır; F. Aksoy; C. Borja; J. Novais; (c) E. Karaca; E. Akbaba; E. Bekiroğlu; D. Candeias; W. Eduardo,I. Peña; (c) Ö. Bayram; V. Nelsson; Marcão; P. v. Aanholt; B. Kutlu; T. Antalyalı; E. Kılınç; A. Cicâldău; K. Aktürkoğlu; R. Babel
21/22,Round 24,06/02/22,Rizespor,Adana DS,1,3,6.83,6.99,4-4-2,4-4-2,Z. Görgen; (c) G. Gönül; S. Ay; S. Holmén; C. Sertel; F. Boldrin; F. Baiano; E. Sabo; A. Potuk; D. Hümmet; J. Pohjanpalo,A. Murić; J. Svensson; T. T. Sanuç; S. Deli; K. Kanak; Y. Akgün; (c) G. Inler; B. Stambouli; M. Vargas; B. Bjarnason; M. Balotelli
21/22,Round 24,06/02/22,Beşiktaş,Antalyaspor,0,0,6.96,6.86,3-4-2-1,4-2-3-1,E. Destanoğlu; (c) N. Uysal; D. Vida; F. Montero; V. Rosier; M. Pjanić; C. Bozdoğan; R. Yılmaz; A. Teixeira; E. İlkhan; M. Batshuayi,R. Boffin; B. Balcı; (c) V. Sarı; Naldo; G. Vural; A. Poli; Fernando; A. Ndao; Fredy; D. Sinik; L. Adriano
21/22,Round 24,06/02/22,Göztepe,Altay,0,2,6.84,6.94,3-4-2-1,4-3-3,İ. C. Eğribayat; D. Arslanagić; A. Nukan; W. Ángel; K. Alıcı; O. Nwobodo; S. Aydoğdu; B. Emir; C. Ndiaye; (c) H. Akbunar; F. Di Santo,M. Lis; T. Ünlü; E. Björkander; M. Akça; (c) Ö. Özkaya; Z. Yildirim; Thaciano; M. Rodríguez; L. Kappel; D. Kadah; K. Karataş
21/22,Round 23,22/01/22,Yeni Malatyaspor,Beşiktaş,1,1,6.8,6.94,5-4-1,4-1-4-1,E. Özbir; M. Zeffane; (c) S. Çiftpınar; S. Kaya; P. G. Awuku; K. Hafez; M. Eskihellaç; O. Azubuike; R. Aabid; M. Chouiar; N. Dicko,E. Destanoğlu; V. Rosier; (c) N. Uysal; D. Vida; R. Yılmaz; M. Pjanić; R. Ghezzal; Souza; A. Teixeira; K. Karaman; M. Batshuayi
21/22,Round 23,22/01/22,Adana DS,Karagümrük,5,0,7.37,6.34,4-4-2,4-2-3-1,A. Murić; J. Svensson; S. Akaydın; T. T. Sanuç; K. Kanak; Y. Akgün; (c) G. Inler; B. Stambouli; M. Vargas; Y. Belhanda; B. Assombalonga,E. Viviano; S. Dursun; D. Biraschi; B. Bekaroğlu; J. Balkovec; K. Bistrović; (c) L. Biglia; E. Mor; J. Durmaz; Y. Karamoh; F. Borini
21/22,Round 23,22/01/22,Sivasspor,Fenerbahçe,1,1,6.76,6.86,4-1-4-1,4-4-2,A. Ş. Vural; A. Oğuz; D. Goutas; C. Osmanpaşa; (c) U. Çiftçi; Ö. Yigiter; E. Yeşilyurt; K. Altınay; I. Cofie; P. Henrique; M. Yatabaré,B. Özer; N. Sangaré; (c) S. Aziz; M. Kim; F. Novák; B. Osayi-Samuel; M. Zajc; M. Crespo; Enner Valencia; İ. C. Kahveci; S. Dursun
21/22,Round 23,22/01/22,Başakşehir,Göztepe,1,2,6.75,6.96,4-1-4-1,3-4-2-1,M. Şengezer; J. Caiçara; L. Duarte; Y. Ndayishimiye; H. A. Kaldırım; T. Ciğerci; Ö. A. Şahiner; (c) M. Tekdemir; B. Özcan; N. Chadli; S. Okaka,İ. C. Eğribayat; D. Arslanagić; A. Nukan; W. Ángel; M. Paluli; O. Nwobodo; Y. Kayan; F. Moubandje; C. Ndiaye; (c) H. Akbunar; A. Jahović
21/22,Round 23,23/01/22,Hatayspor,Rizespor,0,0,6.99,6.89,4-4-1-1,4-4-2,A. Yiğiter; K. A. Çörekçi; I. Sackey; B. Öksüz; S. Adekugbe; S. Lobjanidze; O. Ergün; R. Ribeiro; Kahraba; D. Saint-Louis; (c) M. B. Diouf,T. Çetin; (c) G. Gönül; S. Ay; S. Holmén; C. Sertel; F. Boldrin; F. Baiano; E. Sabo; A. Potuk; D. Hümmet; J. Pohjanpalo
21/22,Round 23,23/01/22,Kasımpaşa,Kayserispor,3,1,7.05,6.5,4-1-4-1,4-4-2,E. Taşkıran; F. Hadergjonaj; (c) R. Donk; T. Břečka; E. Elmalı; D. Haspolat; M. B. Ouanes; H. Hajradinović; T. Serbest; A. Engin; U. Bozok,S. Lung Jr.; O. Bulut; (c) U. Demirok; M. Hosseini; Y. Subaşı; E. Başsan; A. Parmak; J. Attamah; G. Sazdağı; M. Pektemek; M. Gavranović
21/22,Round 23,23/01/22,Altay,Konyaspor,0,1,6.65,7.04,4-2-3-1,4-2-3-1,M. Lis; T. Ünlü; E. Björkander; M. Akça; M. Naderi; Z. Yildirim; C. Gülselam; L. Kappel; (c) C. Pinares; M. Rodríguez; A. Y. Rayan,(c) I. Šehić; B. Yardımcı; A. Demirbağ; A. Bardakcı; G. H. Sityá; S. Dikmen; A. Hadžiahmetović; K. Michalak; E. Çekiçi; Z. Bytyqi; A. Hassan
21/22,Round 23,23/01/22,Antalyaspor,Gaziantep,0,0,7.1,6.98,4-2-3-1,5-3-2,R. Boffin; B. Balcı; V. Sarı; Naldo; F. Kudryashov; (c) H. Özmert; Fernando; A. Mehmedi; Fredy; D. Sinik; H. Wright,(c) G. Güvenç; S. Kitsiou; P. Djilobodji; E. Ersoy; A. Toșca; H. I. Pehlivan; R. Niyaz; D. Erdoğan; F. Soyalp; J. Figueiredo; A. Maxim
21/22,Round 23,23/01/22,Giresunspor,Alanyaspor,1,3,6.68,6.98,4-2-3-1,4-1-4-1,O. Kocuk; H. Bilazer; M. Diarra; A. Pérez; A. Behich; Z. Yavru; Flávio; M. S. Suleymanov; F. Diabaté; (c) I. Baldé; M. U. Nayir,Marafona; Juanfran; F. Bayır; F. Aksoy; C. Borja; J. Novais; (c) E. Karaca; E. Akbaba; E. Bekiroğlu; Davidson; W. Eduardo
21/22,Round 23,23/01/22,Galatasaray,Trabzonspor,1,2,6.69,6.88,4-1-4-1,4-2-3-1,F. Öztürk; S. Boey; V. Nelsson; Marcão; (c) Ö. Bayram; T. Antalyalı; E. Kılınç; B. Kutlu; A. Cicâldău; K. Aktürkoğlu; H. Dervişoğlu,(c) U. Çakır; B. Peres; S. Denswil; V. Hugo; T. Puchacz; D. Toköz; B. A. Özdemir; E. Višća; A. Bakasetas; A. N. Nwakaeme; A. Cornelius
21/22,Round 22,18/01/22,Karagümrük,Beşiktaş,0,1,6.79,7.06,4-2-3-1,4-1-4-1,(c) E. Viviano; S. Dursun; B. Bekaroğlu; J. Balkovec; C. Erkin; K. Bistrović; A. Uğur; E. Mor; J. Durmaz; Y. Karamoh; F. Borini,E. Destanoğlu; V. Rosier; (c) N. Uysal; D. Vida; R. Yılmaz; M. Pjanić; R. Ghezzal; Souza; O. Özyakup; C. Larin; M. Batshuayi
21/22,Round 22,18/01/22,Konyaspor,Adana DS,1,0,7.22,6.9,4-2-3-1,4-4-2,(c) I. Šehić; N. Skubic; A. Demirbağ; A. Bardakcı; G. H. Sityá; S. Dikmen; A. Hadžiahmetović; K. Michalak; A. Rahmanović; Z. Bytyqi; A. Hassan,A. Murić; J. Svensson; (c) S. Akaydın; T. T. Sanuç; A. Uludağ; Y. Akgün; S. Kurt; B. Stambouli; M. Vargas; B. Assombalonga; B. Bjarnason
21/22,Round 22,19/01/22,Rizespor,Antalyaspor,2,1,6.98,6.67,4-4-2,5-4-1,T. Çetin; (c) G. Gönül; S. Ay; E. Topçu; C. Sertel; F. Boldrin; F. Baiano; E. Sabo; A. Potuk; D. Hümmet; J. Pohjanpalo,R. Boffin; B. Balcı; (c) V. Sarı; Naldo; F. Kudryashov; G. Vural; H. Ghacha; A. Poli; Fredy; D. Sinik; H. Wright
21/22,Round 22,19/01/22,Göztepe,Sivasspor,2,1,6.95,6.84,3-4-2-1,4-1-4-1,İ. C. Eğribayat; D. Arslanagić; A. Nukan; W. Ángel; K. Alıcı; O. Nwobodo; S. Aydoğdu; (c) B. Emir; M. Baku; Lourency; C. Ndiaye,A. Ş. Vural; A. Oğuz; C. Osmanpaşa; S. Camara; (c) U. Çiftçi; Ö. Yigiter; E. Yeşilyurt; I. Cofie; K. A. Kesgin; P. Henrique; M. Yatabaré
21/22,Round 22,19/01/22,Kayserispor,Başakşehir,1,0,6.95,6.7,4-4-2,4-1-4-1,S. Lung Jr.; O. Bulut; (c) U. Demirok; M. Hosseini; Y. Subaşı; M. Cardoso; A. Parmak; İ. Akdağ; G. Sazdağı; M. Pektemek; M. Gavranović,(c) V. Babacan; J. Caiçara; L. Duarte; Y. Ndayishimiye; H. A. Kaldırım; T. Ciğerci; S. Gürler; D. Türüç; D. Aleksić; F. Gulbrandsen; S. Okaka
21/22,Round 22,19/01/22,Fenerbahçe,Altay,2,1,7.07,6.44,4-2-3-1,4-2-3-1,O. E. Çetin; B. Osayi-Samuel; S. Aziz; M. Kim; A. Szalai; M. Crespo; (c) J. Sosa; F. Kadıoğlu; İ. C. Kahveci; D. Pelkas; S. Dursun,M. Lis; T. Ünlü; E. Björkander; M. Akça; K. Karataş; Thaciano; C. Gülselam; L. Kappel; (c) C. Pinares; M. Rodríguez; A. Y. Rayan
21/22,Round 22,19/01/22,Trabzonspor,Giresunspor,1,1,6.87,7.03,4-2-3-1,4-2-3-1,(c) U. Çakır; B. Peres; H. Türkmen; V. Hugo; S. Denswil; B. A. Özdemir; D. Toköz; A. Ömür; A. Bakasetas; E. Višća; A. Cornelius,O. Kocuk; H. Bilazer; M. Diarra; A. Pérez; A. Behich; (c) Z. Yavru; Flávio; M. S. Suleymanov; F. Diabaté; Serginho; M. U. Nayir
21/22,Round 22,20/01/22,Alanyaspor,Hatayspor,6,0,7.49,6.07,4-1-4-1,4-4-1-1,Marafona; Juanfran; F. Bayır; F. Aksoy; C. Borja; J. Novais; (c) E. Karaca; E. Akbaba; E. Bekiroğlu; Davidson; W. Eduardo,A. Yiğiter; K. A. Çörekçi; F. Kurucuk; B. Öksüz; S. Adekugbe; S. Lobjanidze; O. Ergün; R. Ribeiro; M. Kamara; D. Saint-Louis; (c) M. B. Diouf
21/22,Round 22,20/01/22,Galatasaray,Kasımpaşa,1,3,6.61,7.07,4-2-3-1,4-1-4-1,İ. Çipe; D. Yedlin; V. Nelsson; Marcão; (c) Ö. Bayram; A. Öztürk; P. v. Aanholt; O. Moruțan; A. Cicâldău; K. Aktürkoğlu; H. Dervişoğlu,E. Taşkıran; F. Hadergjonaj; (c) R. Donk; T. Serbest; E. Elmalı; D. Haspolat; M. B. Ouanes; H. Hajradinović; M. Trávník; A. Engin; U. Bozok
21/22,Round 37,14/05/22,Kayserispor,Yeni Malatyaspor,3,0,7.05,,4-4-2,4-2-3-1,C. Gönen; R. Civelek; U. Demirok; D. Kolovetsios; Y. Subaşı; E. Başsan; İ. Akdağ; Campanharo; G. Sazdağı; M. Pektemek; (c) İ. Parlak,A. E. Türkaslan; B. Başdaş; P. G. Awuku; G. Campi; K. Hafez; (c) B. Çağıran; A. Ayna; M. M. Altıntaş; U. Taniş; K. Altunışık; B. Tetteh
21/22,Round 37,15/05/22,Göztepe,Beşiktaşx2,0,2,6.53,,5-3-2,3-4-2-1,A. Özçimen; M. Paluli; D. Arslanagić; M. Mihojević; K. Demirtaş; (c) B. Emir; D. Tijanič; A. Çankaya; Y. Kayan; M. Baku; F. Di Santo,E. Bilgin; S. Saatçı; Welinton; F. Montero; V. Rosier; E. İlkhan; (c) Souza; U. Meraş; C. Larin; G. N'Koudou; R. Ghezzal
21/22,Round 37,15/05/22,Trabzonspor,Altay,2,1,7.01,,4-2-3-1,3-5-2,(c) U. Çakır; S. Asan; A. Kaplan; V. Hugo; İ. Köybaşı; A. Bakasetas; M. Hamšík; E. Višća; A. Ömür; A. N. Nwakaeme; A. Cornelius,C. Topaloğlu; K. Thiam; (c) İ. Öztürk; E. Björkander; C. Karayel; Thaciano; C. Gülselam; A. B. Poko; K. Karataş; L. Kappel; M. Rodríguez
21/22,Round 37,15/05/22,Alanyaspor,Gaziantep,3,0,7.15,,4-2-3-1,4-4-2,Marafona; Juanfran; F. Bayır; F. Aksoy; C. Borja; U. Güneş; L. Fer; (c) E. Karaca; E. Akbaba; E. Bekiroğlu; F. Diédhiou,M. B. Bozan; (c) O. Ceylan; E. Ersoy; A. Toșca; H. I. Pehlivan; Á. Sagal; D. Erdoğan; A. Vetrih; M. Cihan; J. Figueiredo; A. Maxim
21/22,Round 37,15/05/22,Fenerbahçe,Karagümrük,0,0,7.18,,4-2-3-1,4-2-3-1,(c) A. Bayındır; N. Sangaré; S. Aziz; M. Tisserand; F. Kadıoğlu; M. Zajc; L. Gustavo; B. Osayi-Samuel; İ. C. Kahveci; D. Rossi; S. Dursun,E. Viviano; D. Biraschi; B. Bekaroğlu; D. Luckassen; C. Erkin; (c) L. Biglia; K. Bistrović; E. Mor; F. Borini; A. Musa; A. Pešić
21/22,Round 37,15/05/22,Giresunspor,Başakşehir,1,1,6.82,,4-2-3-1,4-1-4-1,O. Piri; (c) Z. Yavru; S. Piçinciol; A. Pérez; H. Bilazer; H. Traoré; Flávio; Serginho; Chiquinho; F. Diabaté; M. U. Nayir,V. Babacan; J. Caiçara; L. Duarte; A. Epureanu; L. Lima; T. Ciğerci; D. Türüç; (c) M. Tekdemir; B. Özcan; M. Trézéguet; F. Gulbrandsen
21/22,Round 37,15/05/22,Kasımpaşa,Antalyaspor,2,4,6.55,,4-1-4-1,4-2-3-1,E. Canpolat; M. F. Yıldırım; J. Bruma; T. Břečka; F. Hadergjonaj; R. Aabid; M. Fall; (c) H. Hajradinović; V. Eysseric; J. Muleka; U. Bozok,R. Boffin; B. Balcı; B. Öztürk; Naldo; G. Vural; (c) Fredy; Fernando; A. Ndao; L. Adriano; D. Sinik; H. Wright
21/22,Round 37,15/05/22,Konyaspor,Hatayspor,3,1,7.12,,4-2-3-1,4-2-3-1,I. Šehić; (c) N. Skubic; M. Çağıran; A. Bardakcı; G. H. Sityá; O. Ülgün; A. Hadžiahmetović; K. Michalak; E. Çekiçi; Z. Bytyqi; S. Cikalleshi,M. Mohamedi; S. Bas; F. Kurucuk; B. Öksüz; E. Kaplan; D. Saint-Louis; M. Boudjemaa; S. Lobjanidze; Y. Benzia; A. E. Kaabi; (c) M. B. Diouf
21/22,Round 37,16/05/22,Rizespor,Sivasspor,1,2,6.67,7.02,4-2-3-1,4-2-3-1,G. Akkan; (c) G. Gönül; C. Ponck; E. Topçu; E. Albayrak; E. Sabo; L. Phiri; T. Boyd; D. Hümmet; A. Umar; P. D. Cissé,A. Ş. Vural; A. Oğuz; A. Appindangoyé; C. Osmanpaşa; U. Çiftçi; F. Ulvestad; (c) H. Arslan; E. Yeşilyurt; F. Fajr; M. Gradel; M. Yatabaré
21/22,Round 37,16/05/22,Galatasaray,Adana DS,3,2,6.94,6.64,4-2-3-1,4-2-3-1,(c) F. Muslera; S. Boey; V. Nelsson; Marcão; P. v. Aanholt; E. Pulgar; B. Kutlu; R. Babel; H. Dervişoğlu; K. Aktürkoğlu; B. Gomis,A. Murić; S. Güler; S. Akaydın; S. Deli; A. Uludağ; (c) G. Inler; B. Bjarnason; Y. Akgün; Y. Belhanda; M. Vargas; M. Balotelli
